-- phpMyAdmin SQL Dump
-- version 5.2.1
-- https://www.phpmyadmin.net/
--
-- Host: 127.0.0.1
-- Generation Time: Jan 28, 2026 at 12:16 PM
-- Server version: 10.4.32-MariaDB
-- PHP Version: 8.2.12

SET SQL_MODE = "NO_AUTO_VALUE_ON_ZERO";
START TRANSACTION;
SET time_zone = "+00:00";


/*!40101 SET @OLD_CHARACTER_SET_CLIENT=@@CHARACTER_SET_CLIENT */;
/*!40101 SET @OLD_CHARACTER_SET_RESULTS=@@CHARACTER_SET_RESULTS */;
/*!40101 SET @OLD_COLLATION_CONNECTION=@@COLLATION_CONNECTION */;
/*!40101 SET NAMES utf8mb4 */;

--
-- Database: `pharmacy_db`
--
CREATE DATABASE IF NOT EXISTS `pharmacy_db` DEFAULT CHARACTER SET utf8mb4 COLLATE utf8mb4_general_ci;
USE `pharmacy_db`;

--
-- Truncate table before insert `inventory`
--

TRUNCATE TABLE `inventory`;
--
-- Dumping data for table `inventory`
--

INSERT INTO `inventory` (`inventory_id`, `med_id`, `quantity`, `price`, `expiry_date`) VALUES
(1, 3, 61, 76.80, NULL),
(2, 10, 89, 33.91, NULL),
(3, 18, 80, 8.12, NULL),
(4, 21, 83, 104.14, NULL),
(5, 24, 55, 60.63, NULL),
(6, 50, 33, 69.74, NULL),
(7, 60, 50, 34.40, NULL),
(8, 61, 21, 80.94, NULL),
(9, 68, 47, 83.33, NULL),
(10, 73, 71, 9.83, NULL),
(11, 92, 28, 91.70, NULL),
(12, 131, 75, 8.90, NULL),
(13, 145, 10, 98.72, NULL),
(14, 153, 68, 50.61, NULL),
(15, 166, 38, 28.16, NULL),
(16, 170, 27, 34.58, NULL),
(17, 196, 89, 58.59, NULL),
(18, 197, 12, 56.93, NULL),
(19, 198, 56, 9.42, NULL),
(20, 222, 69, 21.50, NULL),
(21, 224, 86, 78.76, NULL),
(22, 239, 23, 57.92, NULL),
(23, 249, 28, 46.66, NULL),
(24, 257, 53, 20.19, NULL),
(25, 261, 38, 18.66, NULL),
(26, 273, 75, 27.93, NULL),
(27, 274, 96, 17.75, NULL),
(28, 275, 77, 40.82, NULL),
(29, 282, 59, 70.88, NULL),
(30, 304, 68, 34.25, NULL),
(31, 310, 55, 67.81, NULL),
(32, 321, 67, 35.15, NULL),
(33, 328, 63, 12.63, NULL),
(34, 342, 63, 78.60, NULL),
(35, 352, 91, 34.76, NULL),
(36, 362, 80, 8.08, NULL),
(37, 366, 81, 95.60, NULL),
(38, 367, 21, 98.79, NULL),
(39, 379, 36, 71.53, NULL),
(40, 382, 49, 25.01, NULL),
(41, 389, 71, 86.40, NULL),
(42, 409, 11, 71.47, NULL),
(43, 419, 33, 35.33, NULL),
(44, 424, 76, 83.00, NULL),
(45, 427, 71, 13.98, NULL),
(46, 446, 45, 73.74, NULL),
(47, 449, 33, 30.16, NULL),
(48, 464, 52, 64.38, NULL),
(49, 476, 60, 6.70, NULL),
(50, 490, 46, 102.91, NULL),
(51, 492, 70, 49.91, NULL),
(52, 496, 29, 77.08, NULL),
(53, 500, 96, 70.29, NULL),
(54, 524, 43, 96.77, NULL),
(55, 530, 51, 61.00, NULL),
(56, 537, 47, 43.12, NULL),
(57, 543, 70, 25.27, NULL),
(58, 548, 10, 47.07, NULL),
(59, 554, 17, 21.85, NULL),
(60, 562, 62, 46.55, NULL),
(61, 566, 39, 42.84, NULL),
(62, 573, 92, 50.03, NULL),
(63, 597, 55, 19.93, NULL),
(64, 598, 32, 83.45, NULL),
(65, 602, 26, 61.25, NULL),
(66, 626, 33, 67.66, NULL),
(67, 631, 41, 89.28, NULL),
(68, 646, 26, 42.32, NULL),
(69, 653, 39, 55.54, NULL),
(70, 655, 59, 29.45, NULL),
(71, 679, 60, 14.67, NULL),
(72, 684, 80, 68.62, NULL),
(73, 689, 84, 26.82, NULL),
(74, 702, 65, 46.93, NULL),
(75, 706, 32, 5.31, NULL),
(76, 708, 33, 33.46, NULL),
(77, 710, 68, 42.98, NULL),
(78, 717, 96, 70.53, NULL),
(79, 719, 45, 8.17, NULL),
(80, 721, 96, 75.58, NULL),
(81, 754, 68, 17.38, NULL),
(82, 760, 70, 5.08, NULL),
(83, 2, 98, 95.13, NULL),
(84, 13, 60, 16.79, NULL),
(85, 26, 90, 17.80, NULL),
(86, 27, 95, 42.01, NULL),
(87, 35, 99, 93.07, NULL),
(88, 36, 46, 45.28, NULL),
(89, 38, 80, 77.69, NULL),
(90, 47, 34, 23.62, NULL),
(91, 54, 19, 104.49, NULL),
(92, 55, 67, 27.73, NULL),
(93, 71, 28, 41.56, NULL),
(94, 82, 27, 95.04, NULL),
(95, 83, 91, 86.66, NULL),
(96, 94, 43, 46.26, NULL),
(97, 95, 95, 54.03, NULL),
(98, 120, 65, 65.22, NULL),
(99, 123, 25, 7.95, NULL),
(100, 124, 68, 19.06, NULL),
(101, 133, 78, 45.64, NULL),
(102, 135, 76, 50.67, NULL),
(103, 172, 17, 6.95, NULL),
(104, 173, 87, 31.02, NULL),
(105, 181, 73, 81.85, NULL),
(106, 187, 74, 31.00, NULL),
(107, 190, 24, 7.42, NULL),
(108, 203, 67, 16.92, NULL),
(109, 226, 71, 9.62, NULL),
(110, 230, 27, 85.62, NULL),
(111, 234, 51, 95.14, NULL),
(112, 235, 20, 92.01, NULL),
(113, 240, 10, 46.99, NULL),
(114, 242, 17, 19.74, NULL),
(115, 243, 54, 7.14, NULL),
(116, 255, 66, 12.92, NULL),
(117, 256, 55, 36.27, NULL),
(118, 271, 12, 27.81, NULL),
(119, 272, 13, 57.04, NULL),
(120, 284, 53, 88.41, NULL),
(121, 289, 76, 21.47, NULL),
(122, 292, 66, 67.22, NULL),
(123, 316, 31, 38.92, NULL),
(124, 325, 97, 89.45, NULL),
(125, 329, 37, 104.22, NULL),
(126, 331, 14, 30.24, NULL),
(127, 332, 21, 91.57, NULL),
(128, 358, 95, 22.75, NULL),
(129, 360, 12, 63.05, NULL),
(130, 361, 85, 48.12, NULL),
(131, 384, 68, 101.87, NULL),
(132, 388, 89, 57.50, NULL),
(133, 390, 96, 30.71, NULL),
(134, 399, 44, 20.91, NULL),
(135, 406, 67, 75.98, NULL),
(136, 412, 67, 10.43, NULL),
(137, 415, 42, 69.38, NULL),
(138, 422, 22, 79.24, NULL),
(139, 430, 37, 36.25, NULL),
(140, 433, 67, 30.61, NULL),
(141, 441, 42, 10.33, NULL),
(142, 443, 25, 75.84, NULL),
(143, 450, 11, 103.03, NULL),
(144, 466, 85, 29.96, NULL),
(145, 491, 76, 96.97, NULL),
(146, 505, 45, 27.82, NULL),
(147, 511, 95, 10.84, NULL),
(148, 513, 50, 10.64, NULL),
(149, 522, 94, 59.55, NULL),
(150, 523, 90, 90.65, NULL),
(151, 529, 62, 41.41, NULL),
(152, 534, 15, 25.88, NULL),
(153, 535, 87, 74.06, NULL),
(154, 551, 87, 29.30, NULL),
(155, 553, 66, 45.19, NULL),
(156, 556, 21, 49.83, NULL),
(157, 559, 86, 95.17, NULL),
(158, 575, 96, 14.78, NULL),
(159, 579, 64, 79.27, NULL),
(160, 604, 90, 28.05, NULL),
(161, 605, 52, 74.49, NULL),
(162, 608, 13, 17.83, NULL),
(163, 624, 56, 23.35, NULL),
(164, 628, 43, 38.29, NULL),
(165, 633, 58, 72.33, NULL),
(166, 649, 78, 84.72, NULL),
(167, 652, 72, 13.68, NULL),
(168, 659, 41, 52.36, NULL),
(169, 669, 39, 26.82, NULL),
(170, 701, 19, 93.31, NULL),
(171, 732, 18, 86.51, NULL),
(172, 738, 81, 58.99, NULL),
(173, 748, 37, 97.18, NULL),
(174, 749, 71, 70.44, NULL),
(175, 759, 29, 18.82, NULL),
(176, 1, 6, 78.60, NULL),
(177, 7, 63, 79.05, NULL),
(178, 25, 94, 49.54, NULL),
(179, 34, 48, 84.89, NULL),
(180, 37, 74, 22.01, NULL),
(181, 49, 73, 9.19, NULL),
(182, 62, 17, 31.49, NULL),
(183, 67, 18, 70.53, NULL),
(184, 72, 10, 11.72, NULL),
(185, 91, 38, 42.89, NULL),
(186, 93, 95, 64.42, NULL),
(187, 97, 21, 92.91, NULL),
(188, 101, 99, 40.53, NULL),
(189, 109, 80, 88.87, NULL),
(190, 111, 86, 78.79, NULL),
(191, 114, 22, 52.09, NULL),
(192, 119, 94, 35.59, NULL),
(193, 128, 72, 62.45, NULL),
(194, 137, 79, 21.26, NULL),
(195, 138, 53, 96.92, NULL),
(196, 142, 23, 5.18, NULL),
(197, 152, 59, 81.17, NULL),
(198, 161, 23, 50.51, NULL),
(199, 177, 84, 84.25, NULL),
(200, 191, 52, 101.15, NULL),
(201, 194, 46, 18.65, NULL),
(202, 199, 52, 99.04, NULL),
(203, 200, 36, 68.80, NULL),
(204, 205, 38, 70.84, NULL),
(205, 213, 41, 81.84, NULL),
(206, 215, 81, 72.40, NULL),
(207, 218, 98, 94.00, NULL),
(208, 236, 55, 89.39, NULL),
(209, 250, 73, 7.35, NULL),
(210, 252, 98, 90.26, NULL),
(211, 253, 37, 103.80, NULL),
(212, 265, 11, 14.77, NULL),
(213, 290, 50, 101.51, NULL),
(214, 301, 52, 50.79, NULL),
(215, 303, 88, 6.48, NULL),
(216, 322, 49, 20.98, NULL),
(217, 323, 52, 95.30, NULL),
(218, 333, 17, 76.90, NULL),
(219, 346, 40, 58.43, NULL),
(220, 356, 69, 72.98, NULL),
(221, 374, 48, 15.72, NULL),
(222, 385, 32, 96.85, NULL),
(223, 391, 86, 53.67, NULL),
(224, 392, 89, 103.00, NULL),
(225, 403, 31, 29.03, NULL),
(226, 405, 54, 79.53, NULL),
(227, 413, 32, 104.83, NULL),
(228, 416, 32, 31.00, NULL),
(229, 425, 59, 100.56, NULL),
(230, 428, 22, 86.67, NULL),
(231, 458, 70, 96.59, NULL),
(232, 462, 60, 10.19, NULL),
(233, 479, 62, 79.29, NULL),
(234, 489, 97, 69.84, NULL),
(235, 503, 38, 68.37, NULL),
(236, 515, 29, 25.43, NULL),
(237, 516, 42, 22.91, NULL),
(238, 521, 83, 61.42, NULL),
(239, 527, 42, 15.86, NULL),
(240, 532, 51, 103.51, NULL),
(241, 538, 58, 78.97, NULL),
(242, 552, 17, 23.92, NULL),
(243, 560, 73, 98.78, NULL),
(244, 570, 62, 16.59, NULL),
(245, 580, 83, 81.17, NULL),
(246, 581, 40, 47.98, NULL),
(247, 583, 20, 36.10, NULL),
(248, 584, 27, 9.14, NULL),
(249, 591, 66, 103.71, NULL),
(250, 594, 16, 43.19, NULL),
(251, 595, 73, 42.28, NULL),
(252, 599, 77, 69.62, NULL),
(253, 615, 97, 97.24, NULL),
(254, 616, 72, 75.99, NULL),
(255, 618, 51, 23.63, NULL),
(256, 622, 58, 20.10, NULL),
(257, 630, 21, 24.25, NULL),
(258, 656, 61, 34.78, NULL),
(259, 657, 78, 97.57, NULL),
(260, 660, 40, 95.89, NULL),
(261, 661, 57, 98.67, NULL),
(262, 662, 17, 66.72, NULL),
(263, 667, 84, 34.66, NULL),
(264, 670, 99, 13.01, NULL),
(265, 674, 47, 90.23, NULL),
(266, 676, 10, 52.35, NULL),
(267, 680, 41, 37.56, NULL),
(268, 686, 62, 97.45, NULL),
(269, 733, 89, 68.44, NULL),
(270, 734, 57, 78.34, NULL),
(271, 742, 17, 27.50, NULL),
(272, 750, 88, 72.51, NULL),
(273, 755, 78, 85.12, NULL),
(274, 758, 73, 19.66, NULL),
(275, 15, 64, 62.40, NULL),
(276, 16, 15, 63.77, NULL),
(277, 19, 77, 5.07, NULL),
(278, 28, 77, 77.30, NULL),
(279, 30, 44, 78.16, NULL),
(280, 32, 56, 44.27, NULL),
(281, 40, 46, 92.67, NULL),
(282, 63, 23, 17.41, NULL),
(283, 75, 25, 51.66, NULL),
(284, 84, 84, 79.96, NULL),
(285, 122, 33, 9.28, NULL),
(286, 125, 49, 11.66, NULL),
(287, 136, 11, 93.07, NULL),
(288, 148, 41, 18.43, NULL),
(289, 164, 64, 67.48, NULL),
(290, 165, 37, 71.28, NULL),
(291, 175, 45, 102.05, NULL),
(292, 179, 70, 52.47, NULL),
(293, 193, 40, 33.49, NULL),
(294, 195, 45, 19.08, NULL),
(295, 201, 55, 16.02, NULL),
(296, 210, 12, 87.71, NULL),
(297, 211, 13, 77.39, NULL),
(298, 229, 54, 36.00, NULL),
(299, 244, 15, 42.42, NULL),
(300, 245, 71, 37.01, NULL),
(301, 251, 58, 76.46, NULL),
(302, 267, 97, 74.70, NULL),
(303, 283, 62, 86.04, NULL),
(304, 286, 38, 17.47, NULL),
(305, 302, 72, 12.61, NULL),
(306, 307, 37, 37.42, NULL),
(307, 315, 72, 52.54, NULL),
(308, 317, 37, 16.35, NULL),
(309, 319, 67, 92.77, NULL),
(310, 337, 51, 70.48, NULL),
(311, 338, 91, 59.22, NULL),
(312, 339, 10, 45.76, NULL),
(313, 349, 11, 91.58, NULL),
(314, 350, 34, 83.07, NULL),
(315, 353, 16, 9.23, NULL),
(316, 357, 98, 82.72, NULL),
(317, 364, 94, 43.62, NULL),
(318, 370, 19, 39.21, NULL),
(319, 400, 46, 7.39, NULL),
(320, 401, 90, 42.56, NULL),
(321, 410, 28, 97.03, NULL),
(322, 417, 97, 15.63, NULL),
(323, 421, 65, 78.76, NULL),
(324, 429, 86, 10.79, NULL),
(325, 431, 75, 51.11, NULL),
(326, 440, 21, 28.91, NULL),
(327, 444, 84, 44.42, NULL),
(328, 452, 55, 38.80, NULL),
(329, 454, 26, 92.48, NULL),
(330, 459, 85, 62.90, NULL),
(331, 460, 43, 17.72, NULL),
(332, 465, 56, 25.69, NULL),
(333, 467, 53, 83.66, NULL),
(334, 473, 53, 13.31, NULL),
(335, 480, 95, 54.88, NULL),
(336, 481, 68, 77.97, NULL),
(337, 483, 74, 42.47, NULL),
(338, 486, 76, 60.20, NULL),
(339, 495, 59, 16.58, NULL),
(340, 497, 92, 28.18, NULL),
(341, 504, 47, 41.26, NULL),
(342, 549, 62, 85.24, NULL),
(343, 555, 35, 103.28, NULL),
(344, 563, 17, 50.06, NULL),
(345, 564, 11, 76.64, NULL),
(346, 565, 58, 60.59, NULL),
(347, 574, 24, 16.54, NULL),
(348, 576, 19, 23.87, NULL),
(349, 587, 66, 59.73, NULL),
(350, 596, 88, 75.05, NULL),
(351, 606, 90, 43.36, NULL),
(352, 627, 30, 103.47, NULL),
(353, 632, 31, 30.69, NULL),
(354, 642, 60, 6.95, NULL),
(355, 651, 48, 10.74, NULL),
(356, 671, 11, 96.51, NULL),
(357, 687, 57, 92.08, NULL),
(358, 690, 80, 35.99, NULL),
(359, 698, 27, 10.10, NULL),
(360, 704, 69, 22.88, NULL),
(361, 716, 90, 98.84, NULL),
(362, 722, 10, 27.00, NULL),
(363, 723, 17, 78.49, NULL),
(364, 726, 49, 103.36, NULL),
(365, 728, 64, 12.31, NULL),
(366, 735, 59, 58.66, NULL),
(367, 737, 12, 58.74, NULL),
(368, 743, 63, 43.08, NULL),
(369, 744, 19, 44.89, NULL),
(370, 746, 70, 20.18, NULL),
(371, 752, 77, 34.42, NULL),
(372, 757, 29, 27.35, NULL),
(373, 4, 50, 64.79, NULL),
(374, 6, 66, 39.88, NULL),
(375, 9, 87, 29.58, NULL),
(376, 22, 68, 58.15, NULL),
(377, 29, 72, 93.63, NULL),
(378, 31, 40, 10.61, NULL),
(379, 45, 32, 13.96, NULL),
(380, 51, 72, 24.77, NULL),
(381, 53, 91, 99.95, NULL),
(382, 56, 11, 31.12, NULL),
(383, 65, 31, 46.72, NULL),
(384, 69, 42, 62.57, NULL),
(385, 74, 80, 23.41, NULL),
(386, 79, 61, 36.71, NULL),
(387, 81, 87, 41.82, NULL),
(388, 96, 32, 19.12, NULL),
(389, 98, 96, 41.97, NULL),
(390, 100, 97, 80.39, NULL),
(391, 104, 86, 104.69, NULL),
(392, 113, 48, 20.50, NULL),
(393, 117, 53, 102.33, NULL),
(394, 126, 46, 14.68, NULL),
(395, 127, 34, 13.02, NULL),
(396, 134, 62, 70.29, NULL),
(397, 139, 57, 73.32, NULL),
(398, 141, 84, 15.49, NULL),
(399, 147, 12, 89.48, NULL),
(400, 158, 21, 15.64, NULL),
(401, 160, 23, 46.81, NULL),
(402, 168, 68, 103.61, NULL),
(403, 176, 98, 102.32, NULL),
(404, 184, 91, 66.65, NULL),
(405, 202, 42, 100.48, NULL),
(406, 204, 72, 64.31, NULL),
(407, 208, 90, 72.55, NULL),
(408, 209, 73, 54.73, NULL),
(409, 220, 43, 41.87, NULL),
(410, 221, 75, 58.04, NULL),
(411, 228, 52, 80.89, NULL),
(412, 233, 44, 69.46, NULL),
(413, 241, 16, 46.85, NULL),
(414, 247, 89, 19.95, NULL),
(415, 259, 19, 12.39, NULL),
(416, 264, 15, 10.96, NULL),
(417, 268, 21, 51.64, NULL),
(418, 281, 95, 37.55, NULL),
(419, 287, 81, 103.61, NULL),
(420, 288, 59, 85.64, NULL),
(421, 296, 43, 49.73, NULL),
(422, 308, 20, 29.06, NULL),
(423, 309, 86, 59.63, NULL),
(424, 312, 25, 26.33, NULL),
(425, 318, 59, 18.69, NULL),
(426, 324, 11, 73.05, NULL),
(427, 330, 41, 74.73, NULL),
(428, 343, 49, 17.36, NULL),
(429, 344, 36, 12.39, NULL),
(430, 369, 55, 34.13, NULL),
(431, 371, 95, 91.96, NULL),
(432, 375, 55, 95.02, NULL),
(433, 378, 99, 32.77, NULL),
(434, 380, 46, 22.54, NULL),
(435, 387, 70, 88.23, NULL),
(436, 393, 23, 28.45, NULL),
(437, 395, 76, 101.46, NULL),
(438, 396, 65, 26.69, NULL),
(439, 437, 29, 48.92, NULL),
(440, 463, 58, 44.35, NULL),
(441, 482, 40, 57.40, NULL),
(442, 488, 63, 46.39, NULL),
(443, 493, 35, 19.74, NULL),
(444, 494, 91, 12.67, NULL),
(445, 498, 70, 18.02, NULL),
(446, 502, 67, 83.35, NULL),
(447, 561, 11, 76.41, NULL),
(448, 577, 57, 56.60, NULL),
(449, 590, 98, 42.69, NULL),
(450, 600, 93, 56.82, NULL),
(451, 601, 82, 50.42, NULL),
(452, 613, 87, 101.50, NULL),
(453, 619, 30, 29.78, NULL),
(454, 621, 59, 7.27, NULL),
(455, 625, 50, 25.17, NULL),
(456, 635, 68, 67.69, NULL),
(457, 644, 27, 14.57, NULL),
(458, 645, 90, 22.68, NULL),
(459, 650, 28, 54.79, NULL),
(460, 664, 88, 91.86, NULL),
(461, 678, 75, 7.16, NULL),
(462, 682, 93, 64.32, NULL),
(463, 683, 25, 12.67, NULL),
(464, 691, 88, 16.91, NULL),
(465, 694, 98, 62.30, NULL),
(466, 697, 91, 86.52, NULL),
(467, 711, 42, 38.23, NULL),
(468, 725, 63, 102.68, NULL),
(469, 729, 18, 61.82, NULL),
(470, 736, 58, 5.44, NULL),
(471, 17, 45, 102.08, NULL),
(472, 41, 69, 45.53, NULL),
(473, 44, 13, 101.26, NULL),
(474, 48, 73, 69.24, NULL),
(475, 59, 18, 59.24, NULL),
(476, 77, 48, 57.37, NULL),
(477, 78, 39, 11.87, NULL),
(478, 103, 42, 64.12, NULL),
(479, 105, 88, 66.43, NULL),
(480, 116, 49, 40.08, NULL),
(481, 146, 49, 18.69, NULL),
(482, 154, 43, 49.40, NULL),
(483, 167, 19, 25.44, NULL),
(484, 174, 73, 93.79, NULL),
(485, 180, 40, 8.02, NULL),
(486, 182, 22, 63.34, NULL),
(487, 183, 56, 86.21, NULL),
(488, 188, 57, 22.89, NULL),
(489, 189, 39, 14.09, NULL),
(490, 192, 53, 16.73, NULL),
(491, 207, 23, 46.01, NULL),
(492, 214, 63, 78.71, NULL),
(493, 219, 91, 36.42, NULL),
(494, 225, 87, 38.57, NULL),
(495, 254, 20, 60.05, NULL),
(496, 258, 47, 48.84, NULL),
(497, 269, 94, 42.49, NULL),
(498, 270, 15, 22.67, NULL),
(499, 277, 73, 103.45, NULL),
(500, 279, 83, 16.49, NULL),
(501, 293, 22, 37.29, NULL),
(502, 297, 29, 15.03, NULL),
(503, 305, 87, 104.95, NULL),
(504, 313, 47, 13.77, NULL),
(505, 314, 26, 72.08, NULL),
(506, 320, 81, 100.68, NULL),
(507, 327, 46, 19.25, NULL),
(508, 335, 55, 14.53, NULL),
(509, 336, 96, 57.84, NULL),
(510, 355, 77, 23.21, NULL),
(511, 363, 68, 75.44, NULL),
(512, 368, 61, 79.39, NULL),
(513, 372, 10, 84.49, NULL),
(514, 373, 96, 45.76, NULL),
(515, 377, 24, 64.04, NULL),
(516, 397, 51, 59.93, NULL),
(517, 420, 41, 17.22, NULL),
(518, 432, 59, 42.79, NULL),
(519, 434, 31, 13.07, NULL),
(520, 436, 70, 18.28, NULL),
(521, 438, 67, 84.64, NULL),
(522, 439, 15, 98.67, NULL),
(523, 448, 53, 67.91, NULL),
(524, 453, 71, 57.20, NULL),
(525, 470, 60, 30.66, NULL),
(526, 472, 63, 22.71, NULL),
(527, 478, 20, 10.61, NULL),
(528, 508, 93, 52.13, NULL),
(529, 509, 61, 49.94, NULL),
(530, 510, 57, 34.67, NULL),
(531, 512, 90, 64.35, NULL),
(532, 517, 34, 65.67, NULL),
(533, 526, 28, 23.46, NULL),
(534, 528, 38, 9.81, NULL),
(535, 541, 35, 30.19, NULL),
(536, 557, 47, 40.41, NULL),
(537, 558, 55, 50.95, NULL),
(538, 571, 80, 59.49, NULL),
(539, 572, 43, 26.80, NULL),
(540, 582, 98, 28.84, NULL),
(541, 585, 33, 61.64, NULL),
(542, 586, 15, 66.62, NULL),
(543, 607, 90, 66.09, NULL),
(544, 610, 44, 11.04, NULL),
(545, 612, 24, 70.03, NULL),
(546, 617, 77, 86.21, NULL),
(547, 634, 82, 62.68, NULL),
(548, 637, 52, 69.97, NULL),
(549, 648, 83, 20.42, NULL),
(550, 654, 37, 13.16, NULL),
(551, 663, 53, 21.28, NULL),
(552, 665, 43, 40.91, NULL),
(553, 677, 71, 40.75, NULL),
(554, 681, 75, 61.04, NULL),
(555, 688, 65, 47.96, NULL),
(556, 692, 35, 17.00, NULL),
(557, 693, 77, 46.31, NULL),
(558, 695, 82, 81.96, NULL),
(559, 696, 49, 95.48, NULL),
(560, 703, 27, 31.52, NULL),
(561, 712, 76, 94.60, NULL),
(562, 739, 33, 68.65, NULL),
(563, 740, 44, 7.95, NULL),
(564, 741, 98, 88.25, NULL),
(565, 745, 28, 60.23, NULL),
(566, 756, 21, 5.02, NULL),
(567, 5, 64, 8.28, NULL),
(568, 11, 40, 67.12, NULL),
(569, 20, 16, 55.75, NULL),
(570, 33, 38, 10.15, NULL),
(571, 39, 38, 46.07, NULL),
(572, 58, 20, 39.09, NULL),
(573, 66, 42, 82.98, NULL),
(574, 70, 83, 79.88, NULL),
(575, 76, 36, 25.87, NULL),
(576, 80, 25, 27.61, NULL),
(577, 90, 65, 46.84, NULL),
(578, 99, 31, 96.36, NULL),
(579, 106, 88, 64.40, NULL),
(580, 107, 43, 11.29, NULL),
(581, 118, 28, 89.89, NULL),
(582, 121, 65, 61.37, NULL),
(583, 130, 95, 12.05, NULL),
(584, 140, 54, 31.60, NULL),
(585, 144, 85, 46.98, NULL),
(586, 149, 61, 63.15, NULL),
(587, 151, 28, 32.11, NULL),
(588, 156, 77, 96.76, NULL),
(589, 159, 41, 104.35, NULL),
(590, 162, 92, 66.85, NULL),
(591, 169, 39, 85.99, NULL),
(592, 171, 14, 87.13, NULL),
(593, 186, 96, 36.60, NULL),
(594, 216, 74, 66.25, NULL),
(595, 223, 93, 84.33, NULL),
(596, 227, 26, 61.01, NULL),
(597, 232, 31, 55.17, NULL),
(598, 238, 81, 54.12, NULL),
(599, 260, 15, 86.80, NULL),
(600, 262, 92, 17.07, NULL),
(601, 263, 87, 98.08, NULL),
(602, 266, 17, 64.90, NULL),
(603, 278, 78, 5.34, NULL),
(604, 285, 76, 72.34, NULL),
(605, 291, 24, 81.37, NULL),
(606, 294, 41, 50.02, NULL),
(607, 295, 28, 72.98, NULL),
(608, 298, 80, 91.54, NULL),
(609, 299, 98, 37.38, NULL),
(610, 300, 70, 41.32, NULL),
(611, 306, 83, 103.71, NULL),
(612, 311, 54, 53.59, NULL),
(613, 326, 96, 39.78, NULL),
(614, 340, 87, 28.59, NULL),
(615, 347, 65, 40.09, NULL),
(616, 365, 92, 59.40, NULL),
(617, 376, 96, 22.75, NULL),
(618, 381, 10, 52.60, NULL),
(619, 383, 43, 49.64, NULL),
(620, 394, 19, 24.86, NULL),
(621, 398, 70, 80.48, NULL),
(622, 404, 78, 60.49, NULL),
(623, 414, 53, 80.03, NULL),
(624, 418, 37, 31.06, NULL),
(625, 423, 45, 24.83, NULL),
(626, 442, 82, 47.23, NULL),
(627, 447, 73, 28.87, NULL),
(628, 451, 18, 78.56, NULL),
(629, 455, 46, 87.75, NULL),
(630, 468, 92, 15.15, NULL),
(631, 469, 78, 53.07, NULL),
(632, 475, 21, 26.95, NULL),
(633, 477, 73, 89.50, NULL),
(634, 484, 21, 12.86, NULL),
(635, 485, 12, 93.82, NULL),
(636, 487, 43, 21.91, NULL),
(637, 499, 77, 26.82, NULL),
(638, 518, 87, 67.41, NULL),
(639, 519, 59, 94.46, NULL),
(640, 520, 83, 43.04, NULL),
(641, 525, 51, 22.62, NULL),
(642, 533, 54, 97.47, NULL),
(643, 536, 23, 103.41, NULL),
(644, 542, 51, 42.47, NULL),
(645, 544, 52, 31.27, NULL),
(646, 545, 89, 66.97, NULL),
(647, 567, 50, 45.99, NULL),
(648, 568, 71, 26.00, NULL),
(649, 578, 98, 35.07, NULL),
(650, 588, 59, 87.41, NULL),
(651, 589, 53, 100.21, NULL),
(652, 593, 37, 72.23, NULL),
(653, 609, 49, 25.44, NULL),
(654, 614, 72, 88.34, NULL),
(655, 620, 18, 104.48, NULL),
(656, 623, 70, 45.00, NULL),
(657, 629, 97, 69.80, NULL),
(658, 639, 39, 76.21, NULL),
(659, 640, 61, 74.81, NULL),
(660, 641, 81, 90.52, NULL),
(661, 643, 91, 101.54, NULL),
(662, 647, 19, 69.62, NULL),
(663, 658, 91, 63.95, NULL),
(664, 668, 30, 43.39, NULL),
(665, 672, 30, 103.80, NULL),
(666, 675, 33, 36.81, NULL),
(667, 705, 83, 20.15, NULL),
(668, 707, 36, 6.55, NULL),
(669, 709, 27, 98.18, NULL),
(670, 713, 16, 61.52, NULL),
(671, 714, 64, 40.16, NULL),
(672, 715, 93, 64.44, NULL),
(673, 718, 26, 17.94, NULL),
(674, 720, 18, 15.90, NULL),
(675, 724, 32, 95.57, NULL),
(676, 727, 80, 27.70, NULL),
(677, 731, 79, 21.27, NULL),
(678, 751, 55, 9.71, NULL),
(679, 8, 74, 48.17, NULL),
(680, 12, 11, 82.76, NULL),
(681, 14, 85, 93.90, NULL),
(682, 23, 92, 94.31, NULL),
(683, 42, 75, 101.85, NULL),
(684, 43, 68, 41.26, NULL),
(685, 46, 86, 22.36, NULL),
(686, 52, 38, 8.50, NULL),
(687, 57, 31, 15.22, NULL),
(688, 64, 80, 67.67, NULL),
(689, 85, 79, 103.77, NULL),
(690, 86, 65, 17.51, NULL),
(691, 87, 79, 53.82, NULL),
(692, 88, 21, 19.97, NULL),
(693, 89, 44, 50.14, NULL),
(694, 102, 20, 27.96, NULL),
(695, 108, 81, 34.87, NULL),
(696, 110, 19, 65.95, NULL),
(697, 112, 76, 94.27, NULL),
(698, 115, 30, 52.60, NULL),
(699, 129, 71, 6.03, NULL),
(700, 132, 98, 96.21, NULL),
(701, 143, 63, 28.59, NULL),
(702, 150, 45, 32.41, NULL),
(703, 155, 26, 13.50, NULL),
(704, 157, 89, 19.75, NULL),
(705, 163, 18, 8.79, NULL),
(706, 178, 91, 44.26, NULL),
(707, 185, 33, 16.85, NULL),
(708, 206, 83, 76.82, NULL),
(709, 212, 23, 62.87, NULL),
(710, 217, 50, 58.17, NULL),
(711, 231, 36, 94.46, NULL),
(712, 237, 62, 26.10, NULL),
(713, 246, 38, 100.82, NULL),
(714, 248, 85, 35.59, NULL),
(715, 276, 11, 23.92, NULL),
(716, 280, 89, 89.15, NULL),
(717, 334, 60, 33.48, NULL),
(718, 341, 76, 88.88, NULL),
(719, 345, 98, 42.42, NULL),
(720, 348, 94, 61.06, NULL),
(721, 351, 99, 33.44, NULL),
(722, 354, 49, 40.77, NULL),
(723, 359, 51, 28.65, NULL),
(724, 386, 81, 32.36, NULL),
(725, 402, 98, 11.98, NULL),
(726, 407, 47, 91.32, NULL),
(727, 408, 16, 82.32, NULL),
(728, 411, 68, 97.19, NULL),
(729, 426, 69, 60.71, NULL),
(730, 435, 81, 33.74, NULL),
(731, 445, 15, 49.70, NULL),
(732, 456, 14, 95.72, NULL),
(733, 457, 44, 26.30, NULL),
(734, 461, 91, 93.15, NULL),
(735, 471, 72, 88.26, NULL),
(736, 474, 16, 93.60, NULL),
(737, 501, 27, 39.07, NULL),
(738, 506, 19, 54.93, NULL),
(739, 507, 26, 47.00, NULL),
(740, 514, 59, 53.72, NULL),
(741, 531, 80, 52.71, NULL),
(742, 539, 12, 73.02, NULL),
(743, 540, 40, 68.04, NULL),
(744, 546, 23, 90.54, NULL),
(745, 547, 84, 62.89, NULL),
(746, 550, 46, 34.99, NULL),
(747, 569, 34, 53.75, NULL),
(748, 592, 64, 61.34, NULL),
(749, 603, 10, 36.72, NULL),
(750, 611, 62, 100.61, NULL),
(751, 636, 13, 36.12, NULL),
(752, 638, 50, 35.84, NULL),
(753, 666, 27, 10.85, NULL),
(754, 673, 73, 38.65, NULL),
(755, 685, 61, 91.62, NULL),
(756, 699, 64, 47.86, NULL),
(757, 700, 39, 39.88, NULL),
(758, 730, 78, 81.87, NULL),
(759, 747, 59, 51.62, NULL),
(760, 753, 70, 99.03, NULL);

--
-- Truncate table before insert `medications`
--

TRUNCATE TABLE `medications`;
--
-- Dumping data for table `medications`
--

INSERT INTO `medications` (`med_id`, `med_name`, `category_id`, `description`) VALUES
(1, 'Medicine_1', 3, 'Description for Medicine_1'),
(2, 'Medicine_2', 2, 'Description for Medicine_2'),
(3, 'Medicine_3', 1, 'Description for Medicine_3'),
(4, 'Medicine_4', 5, 'Description for Medicine_4'),
(5, 'Medicine_5', 7, 'Description for Medicine_5'),
(6, 'Medicine_6', 5, 'Description for Medicine_6'),
(7, 'Medicine_7', 3, 'Description for Medicine_7'),
(8, 'Medicine_8', 8, 'Description for Medicine_8'),
(9, 'Medicine_9', 5, 'Description for Medicine_9'),
(10, 'Medicine_10', 1, 'Description for Medicine_10'),
(11, 'Medicine_11', 7, 'Description for Medicine_11'),
(12, 'Medicine_12', 8, 'Description for Medicine_12'),
(13, 'Medicine_13', 2, 'Description for Medicine_13'),
(14, 'Medicine_14', 8, 'Description for Medicine_14'),
(15, 'Medicine_15', 4, 'Description for Medicine_15'),
(16, 'Medicine_16', 4, 'Description for Medicine_16'),
(17, 'Medicine_17', 6, 'Description for Medicine_17'),
(18, 'Medicine_18', 1, 'Description for Medicine_18'),
(19, 'Medicine_19', 4, 'Description for Medicine_19'),
(20, 'Medicine_20', 7, 'Description for Medicine_20'),
(21, 'Medicine_21', 1, 'Description for Medicine_21'),
(22, 'Medicine_22', 5, 'Description for Medicine_22'),
(23, 'Medicine_23', 8, 'Description for Medicine_23'),
(24, 'Medicine_24', 1, 'Description for Medicine_24'),
(25, 'Medicine_25', 3, 'Description for Medicine_25'),
(26, 'Medicine_26', 2, 'Description for Medicine_26'),
(27, 'Medicine_27', 2, 'Description for Medicine_27'),
(28, 'Medicine_28', 4, 'Description for Medicine_28'),
(29, 'Medicine_29', 5, 'Description for Medicine_29'),
(30, 'Medicine_30', 4, 'Description for Medicine_30'),
(31, 'Medicine_31', 5, 'Description for Medicine_31'),
(32, 'Medicine_32', 4, 'Description for Medicine_32'),
(33, 'Medicine_33', 7, 'Description for Medicine_33'),
(34, 'Medicine_34', 3, 'Description for Medicine_34'),
(35, 'Medicine_35', 2, 'Description for Medicine_35'),
(36, 'Medicine_36', 2, 'Description for Medicine_36'),
(37, 'Medicine_37', 3, 'Description for Medicine_37'),
(38, 'Medicine_38', 2, 'Description for Medicine_38'),
(39, 'Medicine_39', 7, 'Description for Medicine_39'),
(40, 'Medicine_40', 4, 'Description for Medicine_40'),
(41, 'Medicine_41', 6, 'Description for Medicine_41'),
(42, 'Medicine_42', 8, 'Description for Medicine_42'),
(43, 'Medicine_43', 8, 'Description for Medicine_43'),
(44, 'Medicine_44', 6, 'Description for Medicine_44'),
(45, 'Medicine_45', 5, 'Description for Medicine_45'),
(46, 'Medicine_46', 8, 'Description for Medicine_46'),
(47, 'Medicine_47', 2, 'Description for Medicine_47'),
(48, 'Medicine_48', 6, 'Description for Medicine_48'),
(49, 'Medicine_49', 3, 'Description for Medicine_49'),
(50, 'Medicine_50', 1, 'Description for Medicine_50'),
(51, 'Medicine_51', 5, 'Description for Medicine_51'),
(52, 'Medicine_52', 8, 'Description for Medicine_52'),
(53, 'Medicine_53', 5, 'Description for Medicine_53'),
(54, 'Medicine_54', 2, 'Description for Medicine_54'),
(55, 'Medicine_55', 2, 'Description for Medicine_55'),
(56, 'Medicine_56', 5, 'Description for Medicine_56'),
(57, 'Medicine_57', 8, 'Description for Medicine_57'),
(58, 'Medicine_58', 7, 'Description for Medicine_58'),
(59, 'Medicine_59', 6, 'Description for Medicine_59'),
(60, 'Medicine_60', 1, 'Description for Medicine_60'),
(61, 'Medicine_61', 1, 'Description for Medicine_61'),
(62, 'Medicine_62', 3, 'Description for Medicine_62'),
(63, 'Medicine_63', 4, 'Description for Medicine_63'),
(64, 'Medicine_64', 8, 'Description for Medicine_64'),
(65, 'Medicine_65', 5, 'Description for Medicine_65'),
(66, 'Medicine_66', 7, 'Description for Medicine_66'),
(67, 'Medicine_67', 3, 'Description for Medicine_67'),
(68, 'Medicine_68', 1, 'Description for Medicine_68'),
(69, 'Medicine_69', 5, 'Description for Medicine_69'),
(70, 'Medicine_70', 7, 'Description for Medicine_70'),
(71, 'Medicine_71', 2, 'Description for Medicine_71'),
(72, 'Medicine_72', 3, 'Description for Medicine_72'),
(73, 'Medicine_73', 1, 'Description for Medicine_73'),
(74, 'Medicine_74', 5, 'Description for Medicine_74'),
(75, 'Medicine_75', 4, 'Description for Medicine_75'),
(76, 'Medicine_76', 7, 'Description for Medicine_76'),
(77, 'Medicine_77', 6, 'Description for Medicine_77'),
(78, 'Medicine_78', 6, 'Description for Medicine_78'),
(79, 'Medicine_79', 5, 'Description for Medicine_79'),
(80, 'Medicine_80', 7, 'Description for Medicine_80'),
(81, 'Medicine_81', 5, 'Description for Medicine_81'),
(82, 'Medicine_82', 2, 'Description for Medicine_82'),
(83, 'Medicine_83', 2, 'Description for Medicine_83'),
(84, 'Medicine_84', 4, 'Description for Medicine_84'),
(85, 'Medicine_85', 8, 'Description for Medicine_85'),
(86, 'Medicine_86', 8, 'Description for Medicine_86'),
(87, 'Medicine_87', 8, 'Description for Medicine_87'),
(88, 'Medicine_88', 8, 'Description for Medicine_88'),
(89, 'Medicine_89', 8, 'Description for Medicine_89'),
(90, 'Medicine_90', 7, 'Description for Medicine_90'),
(91, 'Medicine_91', 3, 'Description for Medicine_91'),
(92, 'Medicine_92', 1, 'Description for Medicine_92'),
(93, 'Medicine_93', 3, 'Description for Medicine_93'),
(94, 'Medicine_94', 2, 'Description for Medicine_94'),
(95, 'Medicine_95', 2, 'Description for Medicine_95'),
(96, 'Medicine_96', 5, 'Description for Medicine_96'),
(97, 'Medicine_97', 3, 'Description for Medicine_97'),
(98, 'Medicine_98', 5, 'Description for Medicine_98'),
(99, 'Medicine_99', 7, 'Description for Medicine_99'),
(100, 'Medicine_100', 5, 'Description for Medicine_100'),
(101, 'Medicine_101', 3, 'Description for Medicine_101'),
(102, 'Medicine_102', 8, 'Description for Medicine_102'),
(103, 'Medicine_103', 6, 'Description for Medicine_103'),
(104, 'Medicine_104', 5, 'Description for Medicine_104'),
(105, 'Medicine_105', 6, 'Description for Medicine_105'),
(106, 'Medicine_106', 7, 'Description for Medicine_106'),
(107, 'Medicine_107', 7, 'Description for Medicine_107'),
(108, 'Medicine_108', 8, 'Description for Medicine_108'),
(109, 'Medicine_109', 3, 'Description for Medicine_109'),
(110, 'Medicine_110', 8, 'Description for Medicine_110'),
(111, 'Medicine_111', 3, 'Description for Medicine_111'),
(112, 'Medicine_112', 8, 'Description for Medicine_112'),
(113, 'Medicine_113', 5, 'Description for Medicine_113'),
(114, 'Medicine_114', 3, 'Description for Medicine_114'),
(115, 'Medicine_115', 8, 'Description for Medicine_115'),
(116, 'Medicine_116', 6, 'Description for Medicine_116'),
(117, 'Medicine_117', 5, 'Description for Medicine_117'),
(118, 'Medicine_118', 7, 'Description for Medicine_118'),
(119, 'Medicine_119', 3, 'Description for Medicine_119'),
(120, 'Medicine_120', 2, 'Description for Medicine_120'),
(121, 'Medicine_121', 7, 'Description for Medicine_121'),
(122, 'Medicine_122', 4, 'Description for Medicine_122'),
(123, 'Medicine_123', 2, 'Description for Medicine_123'),
(124, 'Medicine_124', 2, 'Description for Medicine_124'),
(125, 'Medicine_125', 4, 'Description for Medicine_125'),
(126, 'Medicine_126', 5, 'Description for Medicine_126'),
(127, 'Medicine_127', 5, 'Description for Medicine_127'),
(128, 'Medicine_128', 3, 'Description for Medicine_128'),
(129, 'Medicine_129', 8, 'Description for Medicine_129'),
(130, 'Medicine_130', 7, 'Description for Medicine_130'),
(131, 'Medicine_131', 1, 'Description for Medicine_131'),
(132, 'Medicine_132', 8, 'Description for Medicine_132'),
(133, 'Medicine_133', 2, 'Description for Medicine_133'),
(134, 'Medicine_134', 5, 'Description for Medicine_134'),
(135, 'Medicine_135', 2, 'Description for Medicine_135'),
(136, 'Medicine_136', 4, 'Description for Medicine_136'),
(137, 'Medicine_137', 3, 'Description for Medicine_137'),
(138, 'Medicine_138', 3, 'Description for Medicine_138'),
(139, 'Medicine_139', 5, 'Description for Medicine_139'),
(140, 'Medicine_140', 7, 'Description for Medicine_140'),
(141, 'Medicine_141', 5, 'Description for Medicine_141'),
(142, 'Medicine_142', 3, 'Description for Medicine_142'),
(143, 'Medicine_143', 8, 'Description for Medicine_143'),
(144, 'Medicine_144', 7, 'Description for Medicine_144'),
(145, 'Medicine_145', 1, 'Description for Medicine_145'),
(146, 'Medicine_146', 6, 'Description for Medicine_146'),
(147, 'Medicine_147', 5, 'Description for Medicine_147'),
(148, 'Medicine_148', 4, 'Description for Medicine_148'),
(149, 'Medicine_149', 7, 'Description for Medicine_149'),
(150, 'Medicine_150', 8, 'Description for Medicine_150'),
(151, 'Medicine_151', 7, 'Description for Medicine_151'),
(152, 'Medicine_152', 3, 'Description for Medicine_152'),
(153, 'Medicine_153', 1, 'Description for Medicine_153'),
(154, 'Medicine_154', 6, 'Description for Medicine_154'),
(155, 'Medicine_155', 8, 'Description for Medicine_155'),
(156, 'Medicine_156', 7, 'Description for Medicine_156'),
(157, 'Medicine_157', 8, 'Description for Medicine_157'),
(158, 'Medicine_158', 5, 'Description for Medicine_158'),
(159, 'Medicine_159', 7, 'Description for Medicine_159'),
(160, 'Medicine_160', 5, 'Description for Medicine_160'),
(161, 'Medicine_161', 3, 'Description for Medicine_161'),
(162, 'Medicine_162', 7, 'Description for Medicine_162'),
(163, 'Medicine_163', 8, 'Description for Medicine_163'),
(164, 'Medicine_164', 4, 'Description for Medicine_164'),
(165, 'Medicine_165', 4, 'Description for Medicine_165'),
(166, 'Medicine_166', 1, 'Description for Medicine_166'),
(167, 'Medicine_167', 6, 'Description for Medicine_167'),
(168, 'Medicine_168', 5, 'Description for Medicine_168'),
(169, 'Medicine_169', 7, 'Description for Medicine_169'),
(170, 'Medicine_170', 1, 'Description for Medicine_170'),
(171, 'Medicine_171', 7, 'Description for Medicine_171'),
(172, 'Medicine_172', 2, 'Description for Medicine_172'),
(173, 'Medicine_173', 2, 'Description for Medicine_173'),
(174, 'Medicine_174', 6, 'Description for Medicine_174'),
(175, 'Medicine_175', 4, 'Description for Medicine_175'),
(176, 'Medicine_176', 5, 'Description for Medicine_176'),
(177, 'Medicine_177', 3, 'Description for Medicine_177'),
(178, 'Medicine_178', 8, 'Description for Medicine_178'),
(179, 'Medicine_179', 4, 'Description for Medicine_179'),
(180, 'Medicine_180', 6, 'Description for Medicine_180'),
(181, 'Medicine_181', 2, 'Description for Medicine_181'),
(182, 'Medicine_182', 6, 'Description for Medicine_182'),
(183, 'Medicine_183', 6, 'Description for Medicine_183'),
(184, 'Medicine_184', 5, 'Description for Medicine_184'),
(185, 'Medicine_185', 8, 'Description for Medicine_185'),
(186, 'Medicine_186', 7, 'Description for Medicine_186'),
(187, 'Medicine_187', 2, 'Description for Medicine_187'),
(188, 'Medicine_188', 6, 'Description for Medicine_188'),
(189, 'Medicine_189', 6, 'Description for Medicine_189'),
(190, 'Medicine_190', 2, 'Description for Medicine_190'),
(191, 'Medicine_191', 3, 'Description for Medicine_191'),
(192, 'Medicine_192', 6, 'Description for Medicine_192'),
(193, 'Medicine_193', 4, 'Description for Medicine_193'),
(194, 'Medicine_194', 3, 'Description for Medicine_194'),
(195, 'Medicine_195', 4, 'Description for Medicine_195'),
(196, 'Medicine_196', 1, 'Description for Medicine_196'),
(197, 'Medicine_197', 1, 'Description for Medicine_197'),
(198, 'Medicine_198', 1, 'Description for Medicine_198'),
(199, 'Medicine_199', 3, 'Description for Medicine_199'),
(200, 'Medicine_200', 3, 'Description for Medicine_200'),
(201, 'Medicine_201', 4, 'Description for Medicine_201'),
(202, 'Medicine_202', 5, 'Description for Medicine_202'),
(203, 'Medicine_203', 2, 'Description for Medicine_203'),
(204, 'Medicine_204', 5, 'Description for Medicine_204'),
(205, 'Medicine_205', 3, 'Description for Medicine_205'),
(206, 'Medicine_206', 8, 'Description for Medicine_206'),
(207, 'Medicine_207', 6, 'Description for Medicine_207'),
(208, 'Medicine_208', 5, 'Description for Medicine_208'),
(209, 'Medicine_209', 5, 'Description for Medicine_209'),
(210, 'Medicine_210', 4, 'Description for Medicine_210'),
(211, 'Medicine_211', 4, 'Description for Medicine_211'),
(212, 'Medicine_212', 8, 'Description for Medicine_212'),
(213, 'Medicine_213', 3, 'Description for Medicine_213'),
(214, 'Medicine_214', 6, 'Description for Medicine_214'),
(215, 'Medicine_215', 3, 'Description for Medicine_215'),
(216, 'Medicine_216', 7, 'Description for Medicine_216'),
(217, 'Medicine_217', 8, 'Description for Medicine_217'),
(218, 'Medicine_218', 3, 'Description for Medicine_218'),
(219, 'Medicine_219', 6, 'Description for Medicine_219'),
(220, 'Medicine_220', 5, 'Description for Medicine_220'),
(221, 'Medicine_221', 5, 'Description for Medicine_221'),
(222, 'Medicine_222', 1, 'Description for Medicine_222'),
(223, 'Medicine_223', 7, 'Description for Medicine_223'),
(224, 'Medicine_224', 1, 'Description for Medicine_224'),
(225, 'Medicine_225', 6, 'Description for Medicine_225'),
(226, 'Medicine_226', 2, 'Description for Medicine_226'),
(227, 'Medicine_227', 7, 'Description for Medicine_227'),
(228, 'Medicine_228', 5, 'Description for Medicine_228'),
(229, 'Medicine_229', 4, 'Description for Medicine_229'),
(230, 'Medicine_230', 2, 'Description for Medicine_230'),
(231, 'Medicine_231', 8, 'Description for Medicine_231'),
(232, 'Medicine_232', 7, 'Description for Medicine_232'),
(233, 'Medicine_233', 5, 'Description for Medicine_233'),
(234, 'Medicine_234', 2, 'Description for Medicine_234'),
(235, 'Medicine_235', 2, 'Description for Medicine_235'),
(236, 'Medicine_236', 3, 'Description for Medicine_236'),
(237, 'Medicine_237', 8, 'Description for Medicine_237'),
(238, 'Medicine_238', 7, 'Description for Medicine_238'),
(239, 'Medicine_239', 1, 'Description for Medicine_239'),
(240, 'Medicine_240', 2, 'Description for Medicine_240'),
(241, 'Medicine_241', 5, 'Description for Medicine_241'),
(242, 'Medicine_242', 2, 'Description for Medicine_242'),
(243, 'Medicine_243', 2, 'Description for Medicine_243'),
(244, 'Medicine_244', 4, 'Description for Medicine_244'),
(245, 'Medicine_245', 4, 'Description for Medicine_245'),
(246, 'Medicine_246', 8, 'Description for Medicine_246'),
(247, 'Medicine_247', 5, 'Description for Medicine_247'),
(248, 'Medicine_248', 8, 'Description for Medicine_248'),
(249, 'Medicine_249', 1, 'Description for Medicine_249'),
(250, 'Medicine_250', 3, 'Description for Medicine_250'),
(251, 'Medicine_251', 4, 'Description for Medicine_251'),
(252, 'Medicine_252', 3, 'Description for Medicine_252'),
(253, 'Medicine_253', 3, 'Description for Medicine_253'),
(254, 'Medicine_254', 6, 'Description for Medicine_254'),
(255, 'Medicine_255', 2, 'Description for Medicine_255'),
(256, 'Medicine_256', 2, 'Description for Medicine_256'),
(257, 'Medicine_257', 1, 'Description for Medicine_257'),
(258, 'Medicine_258', 6, 'Description for Medicine_258'),
(259, 'Medicine_259', 5, 'Description for Medicine_259'),
(260, 'Medicine_260', 7, 'Description for Medicine_260'),
(261, 'Medicine_261', 1, 'Description for Medicine_261'),
(262, 'Medicine_262', 7, 'Description for Medicine_262'),
(263, 'Medicine_263', 7, 'Description for Medicine_263'),
(264, 'Medicine_264', 5, 'Description for Medicine_264'),
(265, 'Medicine_265', 3, 'Description for Medicine_265'),
(266, 'Medicine_266', 7, 'Description for Medicine_266'),
(267, 'Medicine_267', 4, 'Description for Medicine_267'),
(268, 'Medicine_268', 5, 'Description for Medicine_268'),
(269, 'Medicine_269', 6, 'Description for Medicine_269'),
(270, 'Medicine_270', 6, 'Description for Medicine_270'),
(271, 'Medicine_271', 2, 'Description for Medicine_271'),
(272, 'Medicine_272', 2, 'Description for Medicine_272'),
(273, 'Medicine_273', 1, 'Description for Medicine_273'),
(274, 'Medicine_274', 1, 'Description for Medicine_274'),
(275, 'Medicine_275', 1, 'Description for Medicine_275'),
(276, 'Medicine_276', 8, 'Description for Medicine_276'),
(277, 'Medicine_277', 6, 'Description for Medicine_277'),
(278, 'Medicine_278', 7, 'Description for Medicine_278'),
(279, 'Medicine_279', 6, 'Description for Medicine_279'),
(280, 'Medicine_280', 8, 'Description for Medicine_280'),
(281, 'Medicine_281', 5, 'Description for Medicine_281'),
(282, 'Medicine_282', 1, 'Description for Medicine_282'),
(283, 'Medicine_283', 4, 'Description for Medicine_283'),
(284, 'Medicine_284', 2, 'Description for Medicine_284'),
(285, 'Medicine_285', 7, 'Description for Medicine_285'),
(286, 'Medicine_286', 4, 'Description for Medicine_286'),
(287, 'Medicine_287', 5, 'Description for Medicine_287'),
(288, 'Medicine_288', 5, 'Description for Medicine_288'),
(289, 'Medicine_289', 2, 'Description for Medicine_289'),
(290, 'Medicine_290', 3, 'Description for Medicine_290'),
(291, 'Medicine_291', 7, 'Description for Medicine_291'),
(292, 'Medicine_292', 2, 'Description for Medicine_292'),
(293, 'Medicine_293', 6, 'Description for Medicine_293'),
(294, 'Medicine_294', 7, 'Description for Medicine_294'),
(295, 'Medicine_295', 7, 'Description for Medicine_295'),
(296, 'Medicine_296', 5, 'Description for Medicine_296'),
(297, 'Medicine_297', 6, 'Description for Medicine_297'),
(298, 'Medicine_298', 7, 'Description for Medicine_298'),
(299, 'Medicine_299', 7, 'Description for Medicine_299'),
(300, 'Medicine_300', 7, 'Description for Medicine_300'),
(301, 'Medicine_301', 3, 'Description for Medicine_301'),
(302, 'Medicine_302', 4, 'Description for Medicine_302'),
(303, 'Medicine_303', 3, 'Description for Medicine_303'),
(304, 'Medicine_304', 1, 'Description for Medicine_304'),
(305, 'Medicine_305', 6, 'Description for Medicine_305'),
(306, 'Medicine_306', 7, 'Description for Medicine_306'),
(307, 'Medicine_307', 4, 'Description for Medicine_307'),
(308, 'Medicine_308', 5, 'Description for Medicine_308'),
(309, 'Medicine_309', 5, 'Description for Medicine_309'),
(310, 'Medicine_310', 1, 'Description for Medicine_310'),
(311, 'Medicine_311', 7, 'Description for Medicine_311'),
(312, 'Medicine_312', 5, 'Description for Medicine_312'),
(313, 'Medicine_313', 6, 'Description for Medicine_313'),
(314, 'Medicine_314', 6, 'Description for Medicine_314'),
(315, 'Medicine_315', 4, 'Description for Medicine_315'),
(316, 'Medicine_316', 2, 'Description for Medicine_316'),
(317, 'Medicine_317', 4, 'Description for Medicine_317'),
(318, 'Medicine_318', 5, 'Description for Medicine_318'),
(319, 'Medicine_319', 4, 'Description for Medicine_319'),
(320, 'Medicine_320', 6, 'Description for Medicine_320'),
(321, 'Medicine_321', 1, 'Description for Medicine_321'),
(322, 'Medicine_322', 3, 'Description for Medicine_322'),
(323, 'Medicine_323', 3, 'Description for Medicine_323'),
(324, 'Medicine_324', 5, 'Description for Medicine_324'),
(325, 'Medicine_325', 2, 'Description for Medicine_325'),
(326, 'Medicine_326', 7, 'Description for Medicine_326'),
(327, 'Medicine_327', 6, 'Description for Medicine_327'),
(328, 'Medicine_328', 1, 'Description for Medicine_328'),
(329, 'Medicine_329', 2, 'Description for Medicine_329'),
(330, 'Medicine_330', 5, 'Description for Medicine_330'),
(331, 'Medicine_331', 2, 'Description for Medicine_331'),
(332, 'Medicine_332', 2, 'Description for Medicine_332'),
(333, 'Medicine_333', 3, 'Description for Medicine_333'),
(334, 'Medicine_334', 8, 'Description for Medicine_334'),
(335, 'Medicine_335', 6, 'Description for Medicine_335'),
(336, 'Medicine_336', 6, 'Description for Medicine_336'),
(337, 'Medicine_337', 4, 'Description for Medicine_337'),
(338, 'Medicine_338', 4, 'Description for Medicine_338'),
(339, 'Medicine_339', 4, 'Description for Medicine_339'),
(340, 'Medicine_340', 7, 'Description for Medicine_340'),
(341, 'Medicine_341', 8, 'Description for Medicine_341'),
(342, 'Medicine_342', 1, 'Description for Medicine_342'),
(343, 'Medicine_343', 5, 'Description for Medicine_343'),
(344, 'Medicine_344', 5, 'Description for Medicine_344'),
(345, 'Medicine_345', 8, 'Description for Medicine_345'),
(346, 'Medicine_346', 3, 'Description for Medicine_346'),
(347, 'Medicine_347', 7, 'Description for Medicine_347'),
(348, 'Medicine_348', 8, 'Description for Medicine_348'),
(349, 'Medicine_349', 4, 'Description for Medicine_349'),
(350, 'Medicine_350', 4, 'Description for Medicine_350'),
(351, 'Medicine_351', 8, 'Description for Medicine_351'),
(352, 'Medicine_352', 1, 'Description for Medicine_352'),
(353, 'Medicine_353', 4, 'Description for Medicine_353'),
(354, 'Medicine_354', 8, 'Description for Medicine_354'),
(355, 'Medicine_355', 6, 'Description for Medicine_355'),
(356, 'Medicine_356', 3, 'Description for Medicine_356'),
(357, 'Medicine_357', 4, 'Description for Medicine_357'),
(358, 'Medicine_358', 2, 'Description for Medicine_358'),
(359, 'Medicine_359', 8, 'Description for Medicine_359'),
(360, 'Medicine_360', 2, 'Description for Medicine_360'),
(361, 'Medicine_361', 2, 'Description for Medicine_361'),
(362, 'Medicine_362', 1, 'Description for Medicine_362'),
(363, 'Medicine_363', 6, 'Description for Medicine_363'),
(364, 'Medicine_364', 4, 'Description for Medicine_364'),
(365, 'Medicine_365', 7, 'Description for Medicine_365'),
(366, 'Medicine_366', 1, 'Description for Medicine_366'),
(367, 'Medicine_367', 1, 'Description for Medicine_367'),
(368, 'Medicine_368', 6, 'Description for Medicine_368'),
(369, 'Medicine_369', 5, 'Description for Medicine_369'),
(370, 'Medicine_370', 4, 'Description for Medicine_370'),
(371, 'Medicine_371', 5, 'Description for Medicine_371'),
(372, 'Medicine_372', 6, 'Description for Medicine_372'),
(373, 'Medicine_373', 6, 'Description for Medicine_373'),
(374, 'Medicine_374', 3, 'Description for Medicine_374'),
(375, 'Medicine_375', 5, 'Description for Medicine_375'),
(376, 'Medicine_376', 7, 'Description for Medicine_376'),
(377, 'Medicine_377', 6, 'Description for Medicine_377'),
(378, 'Medicine_378', 5, 'Description for Medicine_378'),
(379, 'Medicine_379', 1, 'Description for Medicine_379'),
(380, 'Medicine_380', 5, 'Description for Medicine_380'),
(381, 'Medicine_381', 7, 'Description for Medicine_381'),
(382, 'Medicine_382', 1, 'Description for Medicine_382'),
(383, 'Medicine_383', 7, 'Description for Medicine_383'),
(384, 'Medicine_384', 2, 'Description for Medicine_384'),
(385, 'Medicine_385', 3, 'Description for Medicine_385'),
(386, 'Medicine_386', 8, 'Description for Medicine_386'),
(387, 'Medicine_387', 5, 'Description for Medicine_387'),
(388, 'Medicine_388', 2, 'Description for Medicine_388'),
(389, 'Medicine_389', 1, 'Description for Medicine_389'),
(390, 'Medicine_390', 2, 'Description for Medicine_390'),
(391, 'Medicine_391', 3, 'Description for Medicine_391'),
(392, 'Medicine_392', 3, 'Description for Medicine_392'),
(393, 'Medicine_393', 5, 'Description for Medicine_393'),
(394, 'Medicine_394', 7, 'Description for Medicine_394'),
(395, 'Medicine_395', 5, 'Description for Medicine_395'),
(396, 'Medicine_396', 5, 'Description for Medicine_396'),
(397, 'Medicine_397', 6, 'Description for Medicine_397'),
(398, 'Medicine_398', 7, 'Description for Medicine_398'),
(399, 'Medicine_399', 2, 'Description for Medicine_399'),
(400, 'Medicine_400', 4, 'Description for Medicine_400'),
(401, 'Medicine_401', 4, 'Description for Medicine_401'),
(402, 'Medicine_402', 8, 'Description for Medicine_402'),
(403, 'Medicine_403', 3, 'Description for Medicine_403'),
(404, 'Medicine_404', 7, 'Description for Medicine_404'),
(405, 'Medicine_405', 3, 'Description for Medicine_405'),
(406, 'Medicine_406', 2, 'Description for Medicine_406'),
(407, 'Medicine_407', 8, 'Description for Medicine_407'),
(408, 'Medicine_408', 8, 'Description for Medicine_408'),
(409, 'Medicine_409', 1, 'Description for Medicine_409'),
(410, 'Medicine_410', 4, 'Description for Medicine_410'),
(411, 'Medicine_411', 8, 'Description for Medicine_411'),
(412, 'Medicine_412', 2, 'Description for Medicine_412'),
(413, 'Medicine_413', 3, 'Description for Medicine_413'),
(414, 'Medicine_414', 7, 'Description for Medicine_414'),
(415, 'Medicine_415', 2, 'Description for Medicine_415'),
(416, 'Medicine_416', 3, 'Description for Medicine_416'),
(417, 'Medicine_417', 4, 'Description for Medicine_417'),
(418, 'Medicine_418', 7, 'Description for Medicine_418'),
(419, 'Medicine_419', 1, 'Description for Medicine_419'),
(420, 'Medicine_420', 6, 'Description for Medicine_420'),
(421, 'Medicine_421', 4, 'Description for Medicine_421'),
(422, 'Medicine_422', 2, 'Description for Medicine_422'),
(423, 'Medicine_423', 7, 'Description for Medicine_423'),
(424, 'Medicine_424', 1, 'Description for Medicine_424'),
(425, 'Medicine_425', 3, 'Description for Medicine_425'),
(426, 'Medicine_426', 8, 'Description for Medicine_426'),
(427, 'Medicine_427', 1, 'Description for Medicine_427'),
(428, 'Medicine_428', 3, 'Description for Medicine_428'),
(429, 'Medicine_429', 4, 'Description for Medicine_429'),
(430, 'Medicine_430', 2, 'Description for Medicine_430'),
(431, 'Medicine_431', 4, 'Description for Medicine_431'),
(432, 'Medicine_432', 6, 'Description for Medicine_432'),
(433, 'Medicine_433', 2, 'Description for Medicine_433'),
(434, 'Medicine_434', 6, 'Description for Medicine_434'),
(435, 'Medicine_435', 8, 'Description for Medicine_435'),
(436, 'Medicine_436', 6, 'Description for Medicine_436'),
(437, 'Medicine_437', 5, 'Description for Medicine_437'),
(438, 'Medicine_438', 6, 'Description for Medicine_438'),
(439, 'Medicine_439', 6, 'Description for Medicine_439'),
(440, 'Medicine_440', 4, 'Description for Medicine_440'),
(441, 'Medicine_441', 2, 'Description for Medicine_441'),
(442, 'Medicine_442', 7, 'Description for Medicine_442'),
(443, 'Medicine_443', 2, 'Description for Medicine_443'),
(444, 'Medicine_444', 4, 'Description for Medicine_444'),
(445, 'Medicine_445', 8, 'Description for Medicine_445'),
(446, 'Medicine_446', 1, 'Description for Medicine_446'),
(447, 'Medicine_447', 7, 'Description for Medicine_447'),
(448, 'Medicine_448', 6, 'Description for Medicine_448'),
(449, 'Medicine_449', 1, 'Description for Medicine_449'),
(450, 'Medicine_450', 2, 'Description for Medicine_450'),
(451, 'Medicine_451', 7, 'Description for Medicine_451'),
(452, 'Medicine_452', 4, 'Description for Medicine_452'),
(453, 'Medicine_453', 6, 'Description for Medicine_453'),
(454, 'Medicine_454', 4, 'Description for Medicine_454'),
(455, 'Medicine_455', 7, 'Description for Medicine_455'),
(456, 'Medicine_456', 8, 'Description for Medicine_456'),
(457, 'Medicine_457', 8, 'Description for Medicine_457'),
(458, 'Medicine_458', 3, 'Description for Medicine_458'),
(459, 'Medicine_459', 4, 'Description for Medicine_459'),
(460, 'Medicine_460', 4, 'Description for Medicine_460'),
(461, 'Medicine_461', 8, 'Description for Medicine_461'),
(462, 'Medicine_462', 3, 'Description for Medicine_462'),
(463, 'Medicine_463', 5, 'Description for Medicine_463'),
(464, 'Medicine_464', 1, 'Description for Medicine_464'),
(465, 'Medicine_465', 4, 'Description for Medicine_465'),
(466, 'Medicine_466', 2, 'Description for Medicine_466'),
(467, 'Medicine_467', 4, 'Description for Medicine_467'),
(468, 'Medicine_468', 7, 'Description for Medicine_468'),
(469, 'Medicine_469', 7, 'Description for Medicine_469'),
(470, 'Medicine_470', 6, 'Description for Medicine_470'),
(471, 'Medicine_471', 8, 'Description for Medicine_471'),
(472, 'Medicine_472', 6, 'Description for Medicine_472'),
(473, 'Medicine_473', 4, 'Description for Medicine_473'),
(474, 'Medicine_474', 8, 'Description for Medicine_474'),
(475, 'Medicine_475', 7, 'Description for Medicine_475'),
(476, 'Medicine_476', 1, 'Description for Medicine_476'),
(477, 'Medicine_477', 7, 'Description for Medicine_477'),
(478, 'Medicine_478', 6, 'Description for Medicine_478'),
(479, 'Medicine_479', 3, 'Description for Medicine_479'),
(480, 'Medicine_480', 4, 'Description for Medicine_480'),
(481, 'Medicine_481', 4, 'Description for Medicine_481'),
(482, 'Medicine_482', 5, 'Description for Medicine_482'),
(483, 'Medicine_483', 4, 'Description for Medicine_483'),
(484, 'Medicine_484', 7, 'Description for Medicine_484'),
(485, 'Medicine_485', 7, 'Description for Medicine_485'),
(486, 'Medicine_486', 4, 'Description for Medicine_486'),
(487, 'Medicine_487', 7, 'Description for Medicine_487'),
(488, 'Medicine_488', 5, 'Description for Medicine_488'),
(489, 'Medicine_489', 3, 'Description for Medicine_489'),
(490, 'Medicine_490', 1, 'Description for Medicine_490'),
(491, 'Medicine_491', 2, 'Description for Medicine_491'),
(492, 'Medicine_492', 1, 'Description for Medicine_492'),
(493, 'Medicine_493', 5, 'Description for Medicine_493'),
(494, 'Medicine_494', 5, 'Description for Medicine_494'),
(495, 'Medicine_495', 4, 'Description for Medicine_495'),
(496, 'Medicine_496', 1, 'Description for Medicine_496'),
(497, 'Medicine_497', 4, 'Description for Medicine_497'),
(498, 'Medicine_498', 5, 'Description for Medicine_498'),
(499, 'Medicine_499', 7, 'Description for Medicine_499'),
(500, 'Medicine_500', 1, 'Description for Medicine_500'),
(501, 'Medicine_501', 8, 'Description for Medicine_501'),
(502, 'Medicine_502', 5, 'Description for Medicine_502'),
(503, 'Medicine_503', 3, 'Description for Medicine_503'),
(504, 'Medicine_504', 4, 'Description for Medicine_504'),
(505, 'Medicine_505', 2, 'Description for Medicine_505'),
(506, 'Medicine_506', 8, 'Description for Medicine_506'),
(507, 'Medicine_507', 8, 'Description for Medicine_507'),
(508, 'Medicine_508', 6, 'Description for Medicine_508'),
(509, 'Medicine_509', 6, 'Description for Medicine_509'),
(510, 'Medicine_510', 6, 'Description for Medicine_510'),
(511, 'Medicine_511', 2, 'Description for Medicine_511'),
(512, 'Medicine_512', 6, 'Description for Medicine_512'),
(513, 'Medicine_513', 2, 'Description for Medicine_513'),
(514, 'Medicine_514', 8, 'Description for Medicine_514'),
(515, 'Medicine_515', 3, 'Description for Medicine_515'),
(516, 'Medicine_516', 3, 'Description for Medicine_516'),
(517, 'Medicine_517', 6, 'Description for Medicine_517'),
(518, 'Medicine_518', 7, 'Description for Medicine_518'),
(519, 'Medicine_519', 7, 'Description for Medicine_519'),
(520, 'Medicine_520', 7, 'Description for Medicine_520'),
(521, 'Medicine_521', 3, 'Description for Medicine_521'),
(522, 'Medicine_522', 2, 'Description for Medicine_522'),
(523, 'Medicine_523', 2, 'Description for Medicine_523'),
(524, 'Medicine_524', 1, 'Description for Medicine_524'),
(525, 'Medicine_525', 7, 'Description for Medicine_525'),
(526, 'Medicine_526', 6, 'Description for Medicine_526'),
(527, 'Medicine_527', 3, 'Description for Medicine_527'),
(528, 'Medicine_528', 6, 'Description for Medicine_528'),
(529, 'Medicine_529', 2, 'Description for Medicine_529'),
(530, 'Medicine_530', 1, 'Description for Medicine_530'),
(531, 'Medicine_531', 8, 'Description for Medicine_531'),
(532, 'Medicine_532', 3, 'Description for Medicine_532'),
(533, 'Medicine_533', 7, 'Description for Medicine_533'),
(534, 'Medicine_534', 2, 'Description for Medicine_534'),
(535, 'Medicine_535', 2, 'Description for Medicine_535'),
(536, 'Medicine_536', 7, 'Description for Medicine_536'),
(537, 'Medicine_537', 1, 'Description for Medicine_537'),
(538, 'Medicine_538', 3, 'Description for Medicine_538'),
(539, 'Medicine_539', 8, 'Description for Medicine_539'),
(540, 'Medicine_540', 8, 'Description for Medicine_540'),
(541, 'Medicine_541', 6, 'Description for Medicine_541'),
(542, 'Medicine_542', 7, 'Description for Medicine_542'),
(543, 'Medicine_543', 1, 'Description for Medicine_543'),
(544, 'Medicine_544', 7, 'Description for Medicine_544'),
(545, 'Medicine_545', 7, 'Description for Medicine_545'),
(546, 'Medicine_546', 8, 'Description for Medicine_546'),
(547, 'Medicine_547', 8, 'Description for Medicine_547'),
(548, 'Medicine_548', 1, 'Description for Medicine_548'),
(549, 'Medicine_549', 4, 'Description for Medicine_549'),
(550, 'Medicine_550', 8, 'Description for Medicine_550'),
(551, 'Medicine_551', 2, 'Description for Medicine_551'),
(552, 'Medicine_552', 3, 'Description for Medicine_552'),
(553, 'Medicine_553', 2, 'Description for Medicine_553'),
(554, 'Medicine_554', 1, 'Description for Medicine_554'),
(555, 'Medicine_555', 4, 'Description for Medicine_555'),
(556, 'Medicine_556', 2, 'Description for Medicine_556'),
(557, 'Medicine_557', 6, 'Description for Medicine_557'),
(558, 'Medicine_558', 6, 'Description for Medicine_558'),
(559, 'Medicine_559', 2, 'Description for Medicine_559'),
(560, 'Medicine_560', 3, 'Description for Medicine_560'),
(561, 'Medicine_561', 5, 'Description for Medicine_561'),
(562, 'Medicine_562', 1, 'Description for Medicine_562'),
(563, 'Medicine_563', 4, 'Description for Medicine_563'),
(564, 'Medicine_564', 4, 'Description for Medicine_564'),
(565, 'Medicine_565', 4, 'Description for Medicine_565'),
(566, 'Medicine_566', 1, 'Description for Medicine_566'),
(567, 'Medicine_567', 7, 'Description for Medicine_567'),
(568, 'Medicine_568', 7, 'Description for Medicine_568'),
(569, 'Medicine_569', 8, 'Description for Medicine_569'),
(570, 'Medicine_570', 3, 'Description for Medicine_570'),
(571, 'Medicine_571', 6, 'Description for Medicine_571'),
(572, 'Medicine_572', 6, 'Description for Medicine_572'),
(573, 'Medicine_573', 1, 'Description for Medicine_573'),
(574, 'Medicine_574', 4, 'Description for Medicine_574'),
(575, 'Medicine_575', 2, 'Description for Medicine_575'),
(576, 'Medicine_576', 4, 'Description for Medicine_576'),
(577, 'Medicine_577', 5, 'Description for Medicine_577'),
(578, 'Medicine_578', 7, 'Description for Medicine_578'),
(579, 'Medicine_579', 2, 'Description for Medicine_579'),
(580, 'Medicine_580', 3, 'Description for Medicine_580'),
(581, 'Medicine_581', 3, 'Description for Medicine_581'),
(582, 'Medicine_582', 6, 'Description for Medicine_582'),
(583, 'Medicine_583', 3, 'Description for Medicine_583'),
(584, 'Medicine_584', 3, 'Description for Medicine_584'),
(585, 'Medicine_585', 6, 'Description for Medicine_585'),
(586, 'Medicine_586', 6, 'Description for Medicine_586'),
(587, 'Medicine_587', 4, 'Description for Medicine_587'),
(588, 'Medicine_588', 7, 'Description for Medicine_588'),
(589, 'Medicine_589', 7, 'Description for Medicine_589'),
(590, 'Medicine_590', 5, 'Description for Medicine_590'),
(591, 'Medicine_591', 3, 'Description for Medicine_591'),
(592, 'Medicine_592', 8, 'Description for Medicine_592'),
(593, 'Medicine_593', 7, 'Description for Medicine_593'),
(594, 'Medicine_594', 3, 'Description for Medicine_594'),
(595, 'Medicine_595', 3, 'Description for Medicine_595'),
(596, 'Medicine_596', 4, 'Description for Medicine_596'),
(597, 'Medicine_597', 1, 'Description for Medicine_597'),
(598, 'Medicine_598', 1, 'Description for Medicine_598'),
(599, 'Medicine_599', 3, 'Description for Medicine_599'),
(600, 'Medicine_600', 5, 'Description for Medicine_600'),
(601, 'Medicine_601', 5, 'Description for Medicine_601'),
(602, 'Medicine_602', 1, 'Description for Medicine_602'),
(603, 'Medicine_603', 8, 'Description for Medicine_603'),
(604, 'Medicine_604', 2, 'Description for Medicine_604'),
(605, 'Medicine_605', 2, 'Description for Medicine_605'),
(606, 'Medicine_606', 4, 'Description for Medicine_606'),
(607, 'Medicine_607', 6, 'Description for Medicine_607'),
(608, 'Medicine_608', 2, 'Description for Medicine_608'),
(609, 'Medicine_609', 7, 'Description for Medicine_609'),
(610, 'Medicine_610', 6, 'Description for Medicine_610'),
(611, 'Medicine_611', 8, 'Description for Medicine_611'),
(612, 'Medicine_612', 6, 'Description for Medicine_612'),
(613, 'Medicine_613', 5, 'Description for Medicine_613'),
(614, 'Medicine_614', 7, 'Description for Medicine_614'),
(615, 'Medicine_615', 3, 'Description for Medicine_615'),
(616, 'Medicine_616', 3, 'Description for Medicine_616'),
(617, 'Medicine_617', 6, 'Description for Medicine_617'),
(618, 'Medicine_618', 3, 'Description for Medicine_618'),
(619, 'Medicine_619', 5, 'Description for Medicine_619'),
(620, 'Medicine_620', 7, 'Description for Medicine_620'),
(621, 'Medicine_621', 5, 'Description for Medicine_621'),
(622, 'Medicine_622', 3, 'Description for Medicine_622'),
(623, 'Medicine_623', 7, 'Description for Medicine_623'),
(624, 'Medicine_624', 2, 'Description for Medicine_624'),
(625, 'Medicine_625', 5, 'Description for Medicine_625'),
(626, 'Medicine_626', 1, 'Description for Medicine_626'),
(627, 'Medicine_627', 4, 'Description for Medicine_627'),
(628, 'Medicine_628', 2, 'Description for Medicine_628'),
(629, 'Medicine_629', 7, 'Description for Medicine_629'),
(630, 'Medicine_630', 3, 'Description for Medicine_630'),
(631, 'Medicine_631', 1, 'Description for Medicine_631'),
(632, 'Medicine_632', 4, 'Description for Medicine_632'),
(633, 'Medicine_633', 2, 'Description for Medicine_633'),
(634, 'Medicine_634', 6, 'Description for Medicine_634'),
(635, 'Medicine_635', 5, 'Description for Medicine_635'),
(636, 'Medicine_636', 8, 'Description for Medicine_636'),
(637, 'Medicine_637', 6, 'Description for Medicine_637'),
(638, 'Medicine_638', 8, 'Description for Medicine_638'),
(639, 'Medicine_639', 7, 'Description for Medicine_639'),
(640, 'Medicine_640', 7, 'Description for Medicine_640'),
(641, 'Medicine_641', 7, 'Description for Medicine_641'),
(642, 'Medicine_642', 4, 'Description for Medicine_642'),
(643, 'Medicine_643', 7, 'Description for Medicine_643'),
(644, 'Medicine_644', 5, 'Description for Medicine_644'),
(645, 'Medicine_645', 5, 'Description for Medicine_645'),
(646, 'Medicine_646', 1, 'Description for Medicine_646'),
(647, 'Medicine_647', 7, 'Description for Medicine_647'),
(648, 'Medicine_648', 6, 'Description for Medicine_648'),
(649, 'Medicine_649', 2, 'Description for Medicine_649'),
(650, 'Medicine_650', 5, 'Description for Medicine_650'),
(651, 'Medicine_651', 4, 'Description for Medicine_651'),
(652, 'Medicine_652', 2, 'Description for Medicine_652'),
(653, 'Medicine_653', 1, 'Description for Medicine_653'),
(654, 'Medicine_654', 6, 'Description for Medicine_654'),
(655, 'Medicine_655', 1, 'Description for Medicine_655'),
(656, 'Medicine_656', 3, 'Description for Medicine_656'),
(657, 'Medicine_657', 3, 'Description for Medicine_657'),
(658, 'Medicine_658', 7, 'Description for Medicine_658'),
(659, 'Medicine_659', 2, 'Description for Medicine_659'),
(660, 'Medicine_660', 3, 'Description for Medicine_660'),
(661, 'Medicine_661', 3, 'Description for Medicine_661'),
(662, 'Medicine_662', 3, 'Description for Medicine_662'),
(663, 'Medicine_663', 6, 'Description for Medicine_663'),
(664, 'Medicine_664', 5, 'Description for Medicine_664'),
(665, 'Medicine_665', 6, 'Description for Medicine_665'),
(666, 'Medicine_666', 8, 'Description for Medicine_666'),
(667, 'Medicine_667', 3, 'Description for Medicine_667'),
(668, 'Medicine_668', 7, 'Description for Medicine_668'),
(669, 'Medicine_669', 2, 'Description for Medicine_669'),
(670, 'Medicine_670', 3, 'Description for Medicine_670'),
(671, 'Medicine_671', 4, 'Description for Medicine_671'),
(672, 'Medicine_672', 7, 'Description for Medicine_672'),
(673, 'Medicine_673', 8, 'Description for Medicine_673'),
(674, 'Medicine_674', 3, 'Description for Medicine_674'),
(675, 'Medicine_675', 7, 'Description for Medicine_675'),
(676, 'Medicine_676', 3, 'Description for Medicine_676'),
(677, 'Medicine_677', 6, 'Description for Medicine_677'),
(678, 'Medicine_678', 5, 'Description for Medicine_678'),
(679, 'Medicine_679', 1, 'Description for Medicine_679'),
(680, 'Medicine_680', 3, 'Description for Medicine_680'),
(681, 'Medicine_681', 6, 'Description for Medicine_681'),
(682, 'Medicine_682', 5, 'Description for Medicine_682'),
(683, 'Medicine_683', 5, 'Description for Medicine_683'),
(684, 'Medicine_684', 1, 'Description for Medicine_684'),
(685, 'Medicine_685', 8, 'Description for Medicine_685'),
(686, 'Medicine_686', 3, 'Description for Medicine_686'),
(687, 'Medicine_687', 4, 'Description for Medicine_687'),
(688, 'Medicine_688', 6, 'Description for Medicine_688'),
(689, 'Medicine_689', 1, 'Description for Medicine_689'),
(690, 'Medicine_690', 4, 'Description for Medicine_690'),
(691, 'Medicine_691', 5, 'Description for Medicine_691'),
(692, 'Medicine_692', 6, 'Description for Medicine_692'),
(693, 'Medicine_693', 6, 'Description for Medicine_693'),
(694, 'Medicine_694', 5, 'Description for Medicine_694'),
(695, 'Medicine_695', 6, 'Description for Medicine_695'),
(696, 'Medicine_696', 6, 'Description for Medicine_696'),
(697, 'Medicine_697', 5, 'Description for Medicine_697'),
(698, 'Medicine_698', 4, 'Description for Medicine_698'),
(699, 'Medicine_699', 8, 'Description for Medicine_699'),
(700, 'Medicine_700', 8, 'Description for Medicine_700'),
(701, 'Medicine_701', 2, 'Description for Medicine_701'),
(702, 'Medicine_702', 1, 'Description for Medicine_702'),
(703, 'Medicine_703', 6, 'Description for Medicine_703'),
(704, 'Medicine_704', 4, 'Description for Medicine_704'),
(705, 'Medicine_705', 7, 'Description for Medicine_705'),
(706, 'Medicine_706', 1, 'Description for Medicine_706'),
(707, 'Medicine_707', 7, 'Description for Medicine_707'),
(708, 'Medicine_708', 1, 'Description for Medicine_708'),
(709, 'Medicine_709', 7, 'Description for Medicine_709'),
(710, 'Medicine_710', 1, 'Description for Medicine_710'),
(711, 'Medicine_711', 5, 'Description for Medicine_711'),
(712, 'Medicine_712', 6, 'Description for Medicine_712'),
(713, 'Medicine_713', 7, 'Description for Medicine_713'),
(714, 'Medicine_714', 7, 'Description for Medicine_714'),
(715, 'Medicine_715', 7, 'Description for Medicine_715'),
(716, 'Medicine_716', 4, 'Description for Medicine_716'),
(717, 'Medicine_717', 1, 'Description for Medicine_717'),
(718, 'Medicine_718', 7, 'Description for Medicine_718'),
(719, 'Medicine_719', 1, 'Description for Medicine_719'),
(720, 'Medicine_720', 7, 'Description for Medicine_720'),
(721, 'Medicine_721', 1, 'Description for Medicine_721'),
(722, 'Medicine_722', 4, 'Description for Medicine_722'),
(723, 'Medicine_723', 4, 'Description for Medicine_723'),
(724, 'Medicine_724', 7, 'Description for Medicine_724'),
(725, 'Medicine_725', 5, 'Description for Medicine_725'),
(726, 'Medicine_726', 4, 'Description for Medicine_726'),
(727, 'Medicine_727', 7, 'Description for Medicine_727'),
(728, 'Medicine_728', 4, 'Description for Medicine_728'),
(729, 'Medicine_729', 5, 'Description for Medicine_729'),
(730, 'Medicine_730', 8, 'Description for Medicine_730'),
(731, 'Medicine_731', 7, 'Description for Medicine_731'),
(732, 'Medicine_732', 2, 'Description for Medicine_732'),
(733, 'Medicine_733', 3, 'Description for Medicine_733'),
(734, 'Medicine_734', 3, 'Description for Medicine_734'),
(735, 'Medicine_735', 4, 'Description for Medicine_735'),
(736, 'Medicine_736', 5, 'Description for Medicine_736'),
(737, 'Medicine_737', 4, 'Description for Medicine_737'),
(738, 'Medicine_738', 2, 'Description for Medicine_738'),
(739, 'Medicine_739', 6, 'Description for Medicine_739'),
(740, 'Medicine_740', 6, 'Description for Medicine_740'),
(741, 'Medicine_741', 6, 'Description for Medicine_741'),
(742, 'Medicine_742', 3, 'Description for Medicine_742'),
(743, 'Medicine_743', 4, 'Description for Medicine_743'),
(744, 'Medicine_744', 4, 'Description for Medicine_744'),
(745, 'Medicine_745', 6, 'Description for Medicine_745'),
(746, 'Medicine_746', 4, 'Description for Medicine_746'),
(747, 'Medicine_747', 8, 'Description for Medicine_747'),
(748, 'Medicine_748', 2, 'Description for Medicine_748'),
(749, 'Medicine_749', 2, 'Description for Medicine_749'),
(750, 'Medicine_750', 3, 'Description for Medicine_750'),
(751, 'Medicine_751', 7, 'Description for Medicine_751'),
(752, 'Medicine_752', 4, 'Description for Medicine_752'),
(753, 'Medicine_753', 8, 'Description for Medicine_753'),
(754, 'Medicine_754', 1, 'Description for Medicine_754'),
(755, 'Medicine_755', 3, 'Description for Medicine_755'),
(756, 'Medicine_756', 6, 'Description for Medicine_756'),
(757, 'Medicine_757', 4, 'Description for Medicine_757'),
(758, 'Medicine_758', 3, 'Description for Medicine_758'),
(759, 'Medicine_759', 2, 'Description for Medicine_759'),
(760, 'Medicine_760', 1, 'Description for Medicine_760');

--
-- Truncate table before insert `medication_categories`
--

TRUNCATE TABLE `medication_categories`;
--
-- Dumping data for table `medication_categories`
--

INSERT INTO `medication_categories` (`category_id`, `category_name`) VALUES
(1, 'Analgesics'),
(27, 'Anti-inflammatories'),
(2, 'Antibiotics'),
(6, 'Antidepressants'),
(19, 'Antifungals'),
(5, 'Antihistamines'),
(3, 'Antimalarials'),
(23, 'Antiseptics'),
(7, 'Cardiovascular'),
(18, 'Cough & Cold'),
(20, 'Dermatology'),
(22, 'Diabetes'),
(24, 'Eye & Ear Drops'),
(21, 'Gastrointestinal'),
(26, 'Hormonal Drugs'),
(17, 'Painkillers'),
(8, 'Respiratory'),
(25, 'Supplements'),
(4, 'Vitamins');

--
-- Truncate table before insert `purchases`
--

TRUNCATE TABLE `purchases`;
--
-- Dumping data for table `purchases`
--

INSERT INTO `purchases` (`purchase_id`, `supplier_id`, `purchase_date`, `total_amount`) VALUES
(1, 7, '2025-05-18', 605.40),
(2, 3, '2025-07-12', 1756.65),
(3, 6, '2025-08-10', 985.75),
(4, 9, '2025-11-24', 230.69),
(5, 9, '2025-11-13', 640.01),
(6, 9, '2025-10-16', 1771.98),
(7, 5, '2025-06-25', 1278.24),
(8, 3, '2025-08-03', 1216.11),
(9, 5, '2025-08-26', 1576.25),
(10, 6, '2025-10-01', 2065.12),
(11, 1, '2025-11-25', 1450.82),
(12, 10, '2025-05-20', 1107.52),
(13, 6, '2025-12-01', 229.66),
(14, 10, '2025-07-27', 1269.70),
(15, 5, '2025-05-06', 174.93),
(16, 1, '2025-10-04', 512.25),
(17, 2, '2025-11-08', 1057.27),
(18, 9, '2025-05-31', 1551.13),
(19, 8, '2025-08-02', 344.04),
(20, 3, '2025-04-11', 442.28),
(21, 6, '2025-11-03', 893.73),
(22, 4, '2025-05-27', 357.09),
(23, 8, '2025-11-29', 1235.99),
(24, 5, '2025-08-05', 2038.16),
(25, 5, '2025-07-08', 481.20),
(26, 4, '2025-10-24', 265.77),
(27, 8, '2025-09-21', 1069.28),
(28, 5, '2025-04-10', 1166.78),
(29, 4, '2025-12-03', 1271.87),
(30, 6, '2026-01-07', 1046.32),
(31, 3, '2025-01-27', 165.38),
(32, 3, '2025-12-07', 1780.03),
(33, 9, '2025-04-08', 737.25),
(34, 3, '2025-09-25', 1718.74),
(35, 2, '2025-12-15', 393.19),
(36, 5, '2025-03-13', 1849.73),
(37, 9, '2025-07-19', 162.49),
(38, 7, '2025-11-18', 1856.40),
(39, 9, '2025-03-25', 925.08),
(40, 7, '2025-03-22', 683.81),
(41, 10, '2026-01-06', 527.25),
(42, 10, '2025-10-27', 517.28),
(43, 4, '2025-11-04', 1946.51),
(44, 1, '2025-10-19', 554.14),
(45, 4, '2025-10-06', 575.76),
(46, 4, '2025-01-24', 1898.90),
(47, 6, '2026-01-05', 1166.34),
(48, 6, '2025-11-02', 836.90),
(49, 3, '2025-02-08', 260.60),
(50, 6, '2025-05-29', 1051.73),
(51, 5, '2025-03-12', 1902.25),
(52, 10, '2026-01-12', 583.35),
(53, 2, '2025-12-12', 107.59),
(54, 8, '2025-06-17', 1656.95),
(55, 2, '2025-09-25', 450.58),
(56, 10, '2025-11-19', 109.20),
(57, 6, '2025-05-27', 1369.99),
(58, 3, '2025-10-08', 1451.25),
(59, 6, '2025-05-04', 1910.01),
(60, 4, '2025-10-11', 416.81),
(61, 10, '2025-08-11', 574.71),
(62, 9, '2025-05-19', 1522.62),
(63, 6, '2025-06-01', 1092.67),
(64, 6, '2025-08-05', 1102.55),
(65, 2, '2025-10-26', 1502.24),
(66, 9, '2026-01-16', 1210.31),
(67, 8, '2025-11-22', 1064.66),
(68, 10, '2025-10-05', 1294.28),
(69, 2, '2025-03-23', 1596.36),
(70, 3, '2025-12-09', 1563.18),
(71, 4, '2025-08-01', 752.34),
(72, 3, '2025-11-02', 781.17),
(73, 1, '2025-09-19', 980.37),
(74, 3, '2025-04-26', 137.73),
(75, 10, '2025-07-31', 1348.52),
(76, 8, '2025-05-01', 963.09),
(77, 1, '2025-04-23', 1436.74),
(78, 2, '2025-05-28', 1735.81),
(79, 2, '2025-09-02', 873.10),
(80, 9, '2025-03-14', 1780.98),
(81, 7, '2025-04-17', 1704.89),
(82, 8, '2025-09-11', 1104.63),
(83, 5, '2025-04-09', 1138.28),
(84, 3, '2025-04-18', 2037.46),
(85, 6, '2025-12-30', 1063.16),
(86, 3, '2025-03-22', 841.08),
(87, 4, '2025-04-18', 1381.18),
(88, 10, '2025-03-25', 585.61),
(89, 8, '2025-12-18', 357.17),
(90, 4, '2025-06-19', 1561.91),
(91, 10, '2025-09-13', 109.52),
(92, 10, '2025-02-15', 1389.64),
(93, 5, '2025-09-05', 1014.11),
(94, 2, '2025-07-04', 408.83),
(95, 2, '2025-10-02', 125.17),
(96, 2, '2025-03-03', 1775.37),
(97, 6, '2025-10-11', 1449.73),
(98, 6, '2025-03-26', 843.15),
(99, 5, '2025-02-05', 1109.46),
(100, 7, '2025-03-04', 791.44);

--
-- Truncate table before insert `purchase_details`
--

TRUNCATE TABLE `purchase_details`;
--
-- Dumping data for table `purchase_details`
--

INSERT INTO `purchase_details` (`purchase_detail_id`, `purchase_id`, `med_id`, `quantity`, `cost`) VALUES
(1, 11, 355, 1, 39.51),
(2, 67, 42, 6, 16.54),
(3, 59, 26, 9, 2.43),
(4, 78, 658, 20, 20.42),
(5, 87, 161, 10, 36.92),
(6, 10, 280, 12, 36.58),
(7, 79, 634, 17, 33.21),
(8, 65, 270, 17, 7.42),
(9, 4, 664, 5, 32.93),
(10, 35, 679, 9, 21.46),
(11, 71, 277, 15, 22.91),
(12, 99, 506, 8, 46.33),
(13, 31, 650, 8, 15.30),
(14, 24, 272, 2, 21.35),
(15, 67, 109, 15, 13.26),
(16, 94, 758, 4, 47.09),
(17, 98, 129, 19, 6.89),
(18, 73, 256, 11, 27.95),
(19, 8, 632, 19, 7.27),
(20, 77, 404, 7, 8.47),
(21, 62, 522, 12, 45.38),
(22, 59, 236, 16, 5.44),
(23, 95, 400, 16, 19.87),
(24, 43, 51, 1, 3.66),
(25, 3, 30, 3, 23.52),
(26, 83, 634, 14, 50.33),
(27, 76, 656, 2, 36.98),
(28, 33, 400, 14, 35.97),
(29, 45, 139, 12, 19.70),
(30, 3, 65, 7, 23.19),
(31, 12, 219, 3, 34.47),
(32, 95, 572, 19, 24.54),
(33, 43, 605, 14, 4.32),
(34, 18, 552, 3, 20.70),
(35, 54, 437, 6, 29.50),
(36, 99, 211, 9, 18.23),
(37, 33, 509, 8, 41.45),
(38, 87, 737, 5, 18.13),
(39, 88, 305, 8, 38.03),
(40, 45, 61, 2, 3.96),
(41, 3, 18, 1, 5.76),
(42, 30, 172, 6, 32.74),
(43, 30, 492, 7, 39.84),
(44, 77, 425, 10, 41.70),
(45, 49, 48, 17, 3.77),
(46, 65, 85, 13, 41.99),
(47, 12, 146, 13, 24.15),
(48, 41, 528, 6, 12.21),
(49, 25, 479, 9, 8.03),
(50, 40, 478, 19, 44.17),
(51, 39, 284, 15, 26.38),
(52, 28, 693, 15, 47.73),
(53, 39, 137, 15, 11.42),
(54, 71, 731, 14, 29.78),
(55, 72, 692, 9, 15.86),
(56, 19, 65, 18, 7.42),
(57, 93, 227, 15, 36.71),
(58, 32, 383, 12, 18.31),
(59, 93, 503, 11, 33.89),
(60, 62, 123, 20, 17.93),
(61, 72, 461, 18, 34.75),
(62, 60, 750, 4, 44.36),
(63, 76, 167, 17, 28.41),
(64, 14, 53, 20, 29.45),
(65, 90, 620, 8, 28.72),
(66, 49, 625, 14, 42.03),
(67, 5, 622, 20, 18.54),
(68, 79, 705, 6, 33.32),
(69, 29, 428, 19, 4.20),
(70, 39, 591, 15, 20.19),
(71, 61, 700, 16, 12.80),
(72, 70, 624, 1, 34.44),
(73, 18, 717, 4, 5.45),
(74, 81, 628, 15, 5.95),
(75, 27, 50, 11, 27.86),
(76, 96, 186, 7, 50.90),
(77, 87, 295, 7, 30.09),
(78, 78, 143, 13, 26.86),
(79, 66, 581, 18, 3.46),
(80, 56, 521, 16, 39.82),
(81, 50, 157, 11, 6.98),
(82, 87, 32, 13, 46.09),
(83, 61, 295, 3, 22.93),
(84, 75, 358, 3, 11.00),
(85, 55, 139, 6, 44.23),
(86, 39, 310, 18, 8.66),
(87, 6, 658, 4, 14.04),
(88, 71, 600, 17, 42.75),
(89, 57, 296, 5, 4.14),
(90, 49, 242, 3, 34.42),
(91, 89, 350, 14, 47.22),
(92, 56, 34, 12, 37.13),
(93, 82, 723, 7, 38.66),
(94, 72, 288, 15, 31.18),
(95, 69, 523, 8, 42.19),
(96, 90, 66, 15, 21.96),
(97, 81, 617, 14, 43.59),
(98, 20, 378, 18, 49.46),
(99, 9, 431, 12, 13.22),
(100, 37, 125, 15, 7.19),
(101, 37, 376, 8, 24.51),
(102, 10, 82, 6, 51.39),
(103, 16, 610, 11, 18.94),
(104, 5, 171, 20, 12.81),
(105, 15, 67, 20, 37.31),
(106, 56, 483, 11, 36.88),
(107, 93, 415, 19, 5.91),
(108, 57, 442, 5, 19.11),
(109, 6, 205, 4, 3.15),
(110, 62, 15, 5, 9.34),
(111, 2, 473, 2, 26.83),
(112, 27, 638, 8, 25.57),
(113, 17, 310, 11, 26.24),
(114, 81, 420, 8, 7.90),
(115, 53, 212, 17, 12.70),
(116, 65, 431, 19, 43.72),
(117, 46, 574, 9, 43.84),
(118, 93, 78, 15, 22.89),
(119, 86, 12, 11, 28.81),
(120, 14, 36, 17, 4.65),
(121, 76, 451, 15, 40.88),
(122, 76, 337, 19, 22.10),
(123, 18, 502, 16, 48.54),
(124, 31, 563, 16, 35.84),
(125, 5, 154, 18, 38.83),
(126, 8, 140, 14, 45.34),
(127, 29, 618, 5, 34.20),
(128, 58, 699, 18, 35.49),
(129, 70, 343, 4, 29.35),
(130, 20, 252, 2, 20.26),
(131, 62, 730, 20, 49.96),
(132, 90, 443, 5, 23.13),
(133, 42, 604, 15, 16.45),
(134, 25, 261, 20, 47.01),
(135, 55, 18, 10, 18.63),
(136, 23, 86, 18, 9.41),
(137, 5, 609, 18, 45.40),
(138, 78, 221, 3, 37.40),
(139, 20, 637, 13, 29.60),
(140, 93, 719, 20, 2.12),
(141, 11, 407, 7, 8.86),
(142, 65, 605, 2, 46.29),
(143, 27, 507, 11, 36.59),
(144, 85, 111, 4, 29.05),
(145, 12, 737, 10, 29.68),
(146, 30, 601, 2, 3.63),
(147, 93, 386, 16, 19.34),
(148, 42, 19, 18, 18.64),
(149, 3, 81, 10, 3.18),
(150, 72, 374, 7, 8.00),
(151, 65, 655, 8, 16.12),
(152, 30, 468, 5, 9.83),
(153, 19, 331, 13, 45.14),
(154, 42, 360, 3, 12.88),
(155, 71, 670, 6, 40.52),
(156, 1, 542, 11, 31.63),
(157, 33, 650, 6, 46.73),
(158, 60, 235, 15, 42.75),
(159, 83, 536, 1, 5.22),
(160, 22, 668, 15, 6.76),
(161, 24, 693, 17, 24.64),
(162, 76, 307, 16, 30.94),
(163, 63, 283, 20, 44.79),
(164, 30, 695, 14, 34.82),
(165, 25, 191, 11, 44.39),
(166, 68, 650, 5, 32.64),
(167, 36, 721, 14, 26.97),
(168, 50, 727, 7, 35.39),
(169, 42, 65, 4, 32.04),
(170, 50, 497, 16, 2.21),
(171, 65, 153, 2, 40.59),
(172, 64, 653, 8, 20.95),
(173, 73, 356, 4, 25.26),
(174, 81, 483, 16, 45.60),
(175, 10, 650, 20, 22.04),
(176, 3, 699, 11, 45.30),
(177, 76, 136, 13, 32.10),
(178, 13, 631, 16, 18.90),
(179, 40, 728, 13, 9.30),
(180, 92, 122, 1, 38.62),
(181, 54, 359, 16, 20.28),
(182, 56, 534, 17, 4.33),
(183, 75, 432, 13, 20.68),
(184, 3, 751, 18, 22.19),
(185, 40, 596, 15, 14.94),
(186, 13, 655, 19, 3.47),
(187, 39, 618, 19, 10.07),
(188, 5, 577, 13, 50.21),
(189, 88, 374, 17, 34.43),
(190, 78, 689, 5, 21.23),
(191, 27, 114, 20, 20.91),
(192, 100, 640, 5, 31.59),
(193, 29, 508, 10, 20.42),
(194, 42, 751, 14, 24.11),
(195, 17, 393, 2, 43.76),
(196, 95, 169, 6, 36.24),
(197, 62, 15, 6, 11.84),
(198, 24, 434, 4, 4.92),
(199, 84, 745, 9, 6.79),
(200, 26, 760, 5, 7.75),
(201, 91, 150, 6, 37.37),
(202, 76, 507, 2, 16.86),
(203, 31, 492, 7, 32.79),
(204, 15, 668, 20, 8.77),
(205, 82, 512, 19, 30.96),
(206, 14, 718, 7, 37.77),
(207, 65, 76, 11, 24.49),
(208, 61, 495, 10, 17.95),
(209, 24, 155, 7, 51.40),
(210, 99, 718, 16, 3.78),
(211, 86, 140, 7, 10.54),
(212, 83, 451, 11, 38.48),
(213, 15, 400, 4, 23.01),
(214, 51, 193, 16, 3.89),
(215, 92, 332, 10, 49.64),
(216, 41, 134, 14, 40.07),
(217, 84, 675, 19, 51.99),
(218, 21, 11, 10, 15.44),
(219, 96, 746, 1, 12.71),
(220, 98, 186, 6, 37.13),
(221, 66, 118, 17, 32.30),
(222, 59, 98, 18, 51.31),
(223, 31, 442, 20, 9.87),
(224, 85, 582, 6, 7.80),
(225, 74, 245, 9, 5.17),
(226, 11, 237, 6, 19.13),
(227, 95, 538, 14, 19.75),
(228, 69, 289, 17, 2.35),
(229, 55, 548, 20, 33.83),
(230, 31, 462, 3, 42.30),
(231, 66, 647, 6, 46.82),
(232, 62, 289, 2, 9.77),
(233, 60, 406, 18, 38.55),
(234, 6, 69, 6, 9.08),
(235, 86, 665, 16, 18.61),
(236, 29, 340, 8, 26.41),
(237, 35, 199, 6, 30.45),
(238, 4, 349, 4, 31.14),
(239, 34, 722, 15, 42.25),
(240, 84, 568, 5, 49.00),
(241, 100, 106, 15, 11.47),
(242, 79, 262, 8, 43.36),
(243, 3, 473, 1, 20.32),
(244, 70, 279, 16, 35.79),
(245, 12, 408, 7, 6.71),
(246, 46, 738, 11, 31.45),
(247, 45, 347, 19, 20.02),
(248, 97, 567, 17, 48.51),
(249, 16, 730, 7, 45.14),
(250, 27, 574, 20, 31.11),
(251, 1, 203, 7, 43.08),
(252, 14, 161, 13, 32.73),
(253, 13, 591, 11, 13.69),
(254, 63, 341, 7, 22.29),
(255, 98, 516, 10, 13.28),
(256, 78, 141, 13, 26.38),
(257, 62, 454, 3, 49.87),
(258, 34, 622, 2, 47.59),
(259, 35, 736, 17, 10.65),
(260, 42, 442, 13, 25.80),
(261, 45, 623, 15, 16.37),
(262, 19, 64, 18, 2.26),
(263, 48, 262, 7, 26.57),
(264, 55, 183, 12, 9.34),
(265, 2, 476, 2, 30.61),
(266, 60, 181, 9, 19.97),
(267, 56, 526, 16, 47.06),
(268, 13, 684, 3, 51.06),
(269, 50, 417, 5, 30.88),
(270, 16, 33, 15, 32.33),
(271, 80, 110, 7, 16.16),
(272, 39, 62, 5, 51.47),
(273, 21, 53, 15, 22.58),
(274, 89, 150, 7, 3.42),
(275, 18, 588, 7, 23.47),
(276, 10, 154, 15, 50.51),
(277, 71, 471, 20, 3.16),
(278, 19, 664, 17, 21.16),
(279, 52, 320, 12, 28.84),
(280, 1, 318, 2, 7.81),
(281, 36, 338, 3, 21.52),
(282, 52, 321, 12, 27.31),
(283, 87, 623, 10, 2.24),
(284, 55, 549, 20, 34.92),
(285, 40, 14, 18, 22.80),
(286, 40, 566, 11, 21.15),
(287, 35, 444, 18, 34.05),
(288, 57, 704, 19, 43.11),
(289, 36, 221, 8, 7.81),
(290, 39, 453, 17, 15.57),
(291, 93, 606, 5, 37.11),
(292, 86, 129, 6, 46.14),
(293, 59, 196, 11, 48.62),
(294, 5, 309, 19, 18.38),
(295, 92, 432, 3, 43.89),
(296, 87, 616, 10, 44.26),
(297, 87, 588, 6, 5.60),
(298, 53, 314, 10, 11.84),
(299, 53, 18, 11, 35.69),
(300, 73, 449, 16, 9.43),
(301, 40, 391, 8, 22.97),
(302, 93, 265, 20, 43.28),
(303, 21, 427, 4, 13.86),
(304, 64, 346, 8, 27.02),
(305, 39, 317, 19, 22.83),
(306, 29, 126, 20, 21.75),
(307, 5, 13, 20, 39.67),
(308, 89, 128, 4, 22.38),
(309, 50, 179, 15, 42.15),
(310, 91, 107, 20, 23.62),
(311, 26, 726, 1, 14.57),
(312, 19, 138, 7, 11.00),
(313, 87, 602, 8, 22.86),
(314, 2, 612, 20, 28.48),
(315, 69, 626, 2, 45.78),
(316, 18, 173, 13, 23.29),
(317, 27, 38, 9, 6.92),
(318, 15, 326, 15, 14.25),
(319, 11, 612, 14, 5.89),
(320, 30, 181, 7, 42.88),
(321, 17, 301, 10, 10.20),
(322, 41, 419, 11, 51.73),
(323, 39, 713, 11, 44.85),
(324, 69, 645, 4, 21.59),
(325, 40, 622, 18, 2.16),
(326, 35, 535, 10, 18.29),
(327, 17, 659, 17, 28.34),
(328, 16, 161, 12, 16.04),
(329, 66, 327, 4, 33.78),
(330, 63, 159, 4, 14.71),
(331, 75, 720, 11, 37.38),
(332, 1, 699, 12, 6.87),
(333, 78, 440, 12, 7.34),
(334, 83, 628, 13, 38.71),
(335, 75, 392, 7, 10.63),
(336, 84, 492, 15, 38.66),
(337, 47, 85, 4, 27.84),
(338, 8, 622, 18, 45.86),
(339, 79, 238, 4, 3.72),
(340, 59, 643, 10, 39.77),
(341, 41, 565, 11, 18.18),
(342, 9, 349, 1, 41.98),
(343, 90, 50, 13, 3.72),
(344, 24, 53, 13, 2.28),
(345, 10, 368, 3, 8.54),
(346, 31, 105, 16, 23.86),
(347, 88, 53, 15, 20.98),
(348, 75, 448, 15, 41.02),
(349, 78, 400, 7, 50.12),
(350, 89, 423, 3, 47.18),
(351, 18, 124, 6, 49.93),
(352, 93, 570, 20, 32.60),
(353, 15, 671, 20, 14.60),
(354, 33, 647, 6, 46.66),
(355, 60, 241, 16, 50.42),
(356, 50, 422, 6, 43.20),
(357, 23, 505, 13, 11.53),
(358, 5, 495, 3, 34.94),
(359, 93, 499, 11, 28.64),
(360, 17, 168, 13, 21.25),
(361, 10, 256, 8, 48.32),
(362, 48, 435, 9, 28.65),
(363, 32, 745, 19, 42.55),
(364, 21, 452, 8, 51.01),
(365, 85, 214, 18, 27.19),
(366, 92, 40, 11, 24.27),
(367, 67, 758, 20, 48.95),
(368, 74, 659, 3, 2.20),
(369, 66, 214, 9, 17.49),
(370, 26, 270, 1, 49.27),
(371, 73, 589, 15, 11.89),
(372, 88, 601, 7, 13.54),
(373, 20, 209, 16, 8.49),
(374, 28, 1, 4, 43.78),
(375, 68, 666, 8, 8.25),
(376, 58, 372, 15, 10.08),
(377, 64, 512, 10, 19.16),
(378, 30, 348, 8, 32.41),
(379, 86, 333, 13, 44.45),
(380, 35, 145, 19, 50.18),
(381, 10, 456, 15, 37.81),
(382, 48, 162, 13, 31.16),
(383, 99, 132, 19, 3.47),
(384, 42, 5, 16, 44.38),
(385, 92, 40, 11, 20.49),
(386, 34, 422, 16, 11.98),
(387, 69, 612, 20, 26.29),
(388, 49, 753, 10, 23.84),
(389, 75, 297, 15, 25.79),
(390, 20, 404, 2, 41.91),
(391, 76, 299, 14, 16.10),
(392, 34, 624, 3, 4.82),
(393, 98, 520, 11, 26.28),
(394, 91, 56, 13, 2.27),
(395, 10, 344, 20, 28.81),
(396, 75, 91, 8, 24.28),
(397, 15, 298, 11, 23.26),
(398, 57, 425, 2, 40.89),
(399, 62, 573, 19, 17.41),
(400, 81, 62, 20, 39.55),
(401, 77, 417, 10, 34.16),
(402, 85, 224, 19, 41.86),
(403, 18, 380, 20, 17.88),
(404, 70, 409, 12, 19.64),
(405, 99, 659, 8, 16.59),
(406, 33, 566, 15, 27.19),
(407, 28, 669, 12, 10.73),
(408, 19, 308, 10, 7.17),
(409, 13, 251, 6, 18.57),
(410, 87, 253, 2, 18.28),
(411, 44, 151, 14, 43.90),
(412, 13, 103, 6, 3.58),
(413, 30, 290, 1, 49.26),
(414, 68, 406, 13, 33.29),
(415, 20, 68, 18, 5.11),
(416, 72, 289, 16, 34.12),
(417, 95, 604, 3, 17.59),
(418, 15, 590, 10, 48.40),
(419, 29, 497, 9, 4.44),
(420, 4, 40, 3, 29.79),
(421, 36, 68, 8, 36.63),
(422, 29, 270, 19, 27.81),
(423, 84, 465, 12, 50.54),
(424, 18, 716, 4, 9.17),
(425, 14, 194, 18, 29.42),
(426, 16, 97, 4, 26.34),
(427, 92, 77, 16, 28.81),
(428, 38, 212, 6, 25.51),
(429, 57, 323, 9, 43.73),
(430, 91, 27, 10, 9.80),
(431, 43, 494, 20, 49.24),
(432, 79, 79, 4, 24.84),
(433, 83, 571, 6, 9.76),
(434, 94, 146, 4, 14.59),
(435, 77, 43, 20, 41.66),
(436, 99, 432, 18, 34.43),
(437, 64, 163, 4, 13.22),
(438, 61, 260, 18, 25.05),
(439, 62, 523, 12, 47.30),
(440, 75, 22, 18, 21.77),
(441, 29, 193, 9, 15.24),
(442, 11, 568, 9, 41.85),
(443, 77, 325, 17, 48.48),
(444, 13, 628, 16, 17.51),
(445, 28, 356, 10, 6.57),
(446, 97, 403, 16, 13.84),
(447, 89, 558, 1, 42.84),
(448, 8, 695, 8, 2.57),
(449, 1, 754, 19, 38.51),
(450, 83, 725, 6, 29.16),
(451, 88, 562, 2, 10.02),
(452, 58, 300, 5, 4.56),
(453, 52, 323, 12, 31.57),
(454, 24, 322, 8, 38.01),
(455, 41, 666, 4, 9.59),
(456, 30, 5, 4, 38.71),
(457, 23, 685, 17, 27.42),
(458, 2, 422, 15, 49.53),
(459, 59, 58, 13, 46.21),
(460, 56, 89, 19, 14.37),
(461, 48, 499, 17, 13.70),
(462, 65, 414, 16, 13.74),
(463, 86, 429, 6, 32.17),
(464, 24, 296, 5, 50.26),
(465, 15, 635, 15, 10.78),
(466, 67, 626, 3, 4.54),
(467, 95, 426, 20, 10.77),
(468, 97, 226, 12, 4.93),
(469, 53, 337, 13, 46.62),
(470, 53, 736, 6, 20.08),
(471, 5, 121, 13, 39.91),
(472, 86, 745, 7, 41.18),
(473, 89, 58, 15, 20.75),
(474, 72, 341, 2, 8.34),
(475, 36, 292, 18, 8.86),
(476, 12, 121, 9, 40.71),
(477, 53, 217, 18, 24.78),
(478, 70, 66, 8, 28.79),
(479, 61, 308, 5, 45.36),
(480, 69, 635, 3, 5.10),
(481, 97, 504, 9, 3.57),
(482, 95, 482, 7, 39.21),
(483, 74, 336, 1, 36.57),
(484, 45, 125, 10, 46.48),
(485, 2, 326, 2, 8.01),
(486, 36, 330, 2, 9.32),
(487, 47, 672, 1, 25.47),
(488, 28, 735, 1, 8.49),
(489, 64, 587, 20, 26.81),
(490, 60, 367, 13, 37.37),
(491, 65, 72, 11, 22.99),
(492, 48, 100, 5, 37.35),
(493, 88, 196, 14, 28.13),
(494, 64, 467, 4, 49.76),
(495, 30, 476, 5, 16.46),
(496, 75, 658, 2, 44.06),
(497, 95, 148, 3, 7.30),
(498, 12, 209, 1, 14.66),
(499, 23, 263, 2, 16.17),
(500, 23, 210, 15, 35.92),
(501, 29, 315, 4, 39.32),
(502, 15, 351, 18, 4.55),
(503, 60, 620, 6, 3.07),
(504, 23, 57, 14, 12.70),
(505, 1, 305, 20, 36.15),
(506, 49, 285, 9, 49.92),
(507, 55, 641, 12, 21.23),
(508, 18, 550, 2, 15.37),
(509, 8, 441, 14, 31.91),
(510, 99, 118, 17, 29.27),
(511, 33, 742, 19, 33.44),
(512, 42, 127, 13, 27.36),
(513, 74, 105, 10, 4.20),
(514, 75, 456, 16, 51.00),
(515, 64, 177, 6, 31.69),
(516, 20, 146, 8, 16.88),
(517, 37, 706, 11, 50.10),
(518, 17, 701, 3, 44.30),
(519, 87, 597, 7, 16.47),
(520, 47, 335, 17, 39.77),
(521, 34, 299, 20, 35.54),
(522, 45, 157, 14, 45.19),
(523, 24, 430, 3, 49.93),
(524, 41, 100, 9, 44.37),
(525, 90, 705, 20, 50.77),
(526, 3, 149, 19, 48.36),
(527, 93, 656, 11, 4.30),
(528, 65, 83, 12, 34.84),
(529, 50, 379, 1, 29.74),
(530, 75, 43, 1, 5.74),
(531, 23, 698, 19, 39.64),
(532, 7, 38, 2, 10.13),
(533, 63, 490, 7, 40.66),
(534, 85, 680, 19, 3.91),
(535, 36, 513, 6, 25.25),
(536, 44, 585, 11, 23.59),
(537, 52, 215, 18, 25.18),
(538, 74, 208, 4, 2.61),
(539, 57, 591, 4, 34.90),
(540, 70, 385, 9, 36.39),
(541, 12, 394, 5, 34.19),
(542, 51, 436, 8, 6.68),
(543, 39, 473, 20, 50.89),
(544, 99, 745, 19, 42.40),
(545, 20, 410, 3, 49.88),
(546, 45, 265, 9, 51.24),
(547, 71, 445, 17, 14.39),
(548, 84, 337, 15, 11.40),
(549, 83, 445, 9, 22.55),
(550, 76, 419, 10, 40.73),
(551, 42, 574, 11, 19.99),
(552, 23, 38, 12, 37.12),
(553, 81, 685, 2, 41.64),
(554, 67, 727, 16, 2.80),
(555, 76, 538, 6, 16.49),
(556, 61, 110, 19, 8.29),
(557, 90, 71, 16, 33.85),
(558, 84, 203, 17, 18.44),
(559, 17, 645, 15, 9.71),
(560, 56, 226, 17, 14.95),
(561, 81, 188, 17, 20.03),
(562, 35, 480, 3, 38.53),
(563, 29, 160, 5, 22.10),
(564, 40, 574, 12, 38.29),
(565, 84, 758, 10, 21.82),
(566, 56, 431, 4, 11.75),
(567, 44, 462, 15, 41.54),
(568, 79, 424, 9, 25.22),
(569, 5, 617, 19, 13.42),
(570, 35, 32, 4, 38.99),
(571, 18, 517, 18, 15.00),
(572, 72, 623, 19, 13.15),
(573, 31, 660, 9, 25.44),
(574, 11, 79, 5, 39.38),
(575, 11, 209, 2, 26.17),
(576, 24, 545, 18, 14.76),
(577, 64, 307, 3, 20.19),
(578, 48, 216, 20, 7.41),
(579, 57, 385, 17, 33.59),
(580, 68, 347, 6, 50.81),
(581, 8, 339, 1, 35.31),
(582, 34, 496, 6, 22.11),
(583, 20, 586, 6, 3.27),
(584, 33, 415, 16, 8.88),
(585, 43, 534, 5, 7.47),
(586, 82, 574, 7, 19.91),
(587, 82, 11, 13, 3.57),
(588, 32, 362, 9, 39.78),
(589, 47, 57, 20, 33.02),
(590, 20, 89, 20, 32.93),
(591, 12, 541, 5, 49.16),
(592, 7, 395, 8, 20.81),
(593, 73, 362, 5, 34.90),
(594, 64, 167, 4, 13.75),
(595, 64, 376, 12, 15.52),
(596, 71, 527, 8, 38.39),
(597, 56, 451, 6, 37.05),
(598, 62, 753, 2, 26.83),
(599, 21, 400, 1, 28.39),
(600, 58, 225, 15, 44.51),
(601, 2, 381, 10, 44.58),
(602, 85, 516, 17, 12.73),
(603, 53, 744, 7, 34.78),
(604, 33, 497, 6, 27.15),
(605, 64, 519, 10, 24.21),
(606, 73, 225, 7, 33.23),
(607, 22, 156, 8, 15.38),
(608, 21, 183, 12, 9.94),
(609, 7, 650, 2, 42.19),
(610, 80, 443, 11, 43.80),
(611, 63, 488, 7, 35.08),
(612, 36, 607, 19, 12.09),
(613, 26, 499, 11, 33.97),
(614, 64, 189, 7, 49.72),
(615, 76, 686, 6, 30.00),
(616, 4, 394, 10, 42.15),
(617, 61, 453, 4, 6.21),
(618, 90, 183, 11, 42.73),
(619, 56, 236, 18, 30.12),
(620, 12, 681, 3, 49.65),
(621, 39, 36, 2, 17.74),
(622, 31, 426, 18, 42.04),
(623, 32, 136, 19, 10.51),
(624, 3, 482, 2, 27.70),
(625, 33, 47, 7, 28.24),
(626, 60, 323, 7, 19.42),
(627, 77, 606, 14, 51.57),
(628, 93, 512, 12, 44.70),
(629, 55, 133, 5, 33.13),
(630, 43, 200, 1, 21.36),
(631, 84, 756, 10, 21.56),
(632, 54, 373, 18, 41.71),
(633, 42, 517, 4, 39.86),
(634, 31, 207, 9, 19.55),
(635, 46, 170, 15, 5.50),
(636, 11, 250, 7, 32.26),
(637, 8, 415, 11, 48.21),
(638, 9, 492, 20, 50.38),
(639, 90, 430, 3, 2.88),
(640, 67, 192, 6, 33.94),
(641, 36, 657, 6, 35.79),
(642, 62, 47, 10, 5.64),
(643, 2, 636, 4, 14.22),
(644, 77, 84, 5, 46.84),
(645, 75, 35, 20, 41.24),
(646, 98, 386, 13, 30.47),
(647, 100, 196, 7, 39.96),
(648, 88, 86, 19, 17.50),
(649, 77, 665, 2, 42.99),
(650, 84, 539, 1, 6.24),
(651, 30, 179, 6, 36.34),
(652, 61, 716, 19, 37.54),
(653, 84, 24, 14, 11.51),
(654, 99, 255, 15, 34.02),
(655, 2, 122, 15, 15.35),
(656, 9, 485, 19, 37.11),
(657, 75, 462, 17, 12.67),
(658, 65, 449, 1, 17.21),
(659, 48, 353, 18, 5.58),
(660, 69, 142, 18, 46.57),
(661, 79, 200, 19, 49.74),
(662, 93, 596, 3, 16.43),
(663, 7, 332, 20, 36.31),
(664, 44, 86, 6, 49.62),
(665, 99, 68, 10, 7.25),
(666, 11, 152, 14, 44.21),
(667, 16, 187, 16, 5.22),
(668, 5, 13, 20, 38.17),
(669, 76, 457, 15, 47.11),
(670, 29, 559, 17, 44.66),
(671, 84, 452, 10, 32.26),
(672, 60, 118, 20, 26.52),
(673, 48, 705, 4, 12.06),
(674, 42, 365, 3, 17.23),
(675, 8, 358, 3, 12.26),
(676, 66, 503, 7, 37.38),
(677, 53, 378, 19, 5.86),
(678, 65, 756, 1, 11.07),
(679, 81, 384, 2, 50.07),
(680, 53, 549, 1, 5.27),
(681, 19, 568, 4, 31.29),
(682, 44, 317, 16, 34.16),
(683, 89, 359, 15, 10.96),
(684, 74, 120, 12, 20.86),
(685, 18, 572, 5, 46.23),
(686, 74, 33, 20, 44.52),
(687, 27, 588, 2, 3.40),
(688, 94, 440, 2, 38.65),
(689, 39, 551, 10, 10.11),
(690, 41, 428, 12, 13.53),
(691, 41, 243, 8, 51.46),
(692, 78, 701, 6, 32.30),
(693, 21, 169, 10, 39.34),
(694, 29, 151, 3, 3.62),
(695, 79, 638, 17, 34.39),
(696, 75, 577, 12, 31.70),
(697, 25, 344, 11, 13.77),
(698, 63, 311, 4, 34.01),
(699, 69, 372, 8, 27.84),
(700, 40, 323, 19, 22.54);

--
-- Truncate table before insert `sales`
--

TRUNCATE TABLE `sales`;
--
-- Dumping data for table `sales`
--

INSERT INTO `sales` (`sale_id`, `sale_date`, `total_amount`) VALUES
(1, '2025-11-16', 1209.46),
(2, '2025-09-12', 696.16),
(3, '2025-12-11', 391.99),
(4, '2025-03-21', 732.37),
(5, '2025-04-04', 937.08),
(6, '2025-06-19', 263.27),
(7, '2025-02-01', 618.45),
(8, '2026-01-13', 1431.05),
(9, '2025-06-24', 173.97),
(10, '2025-05-05', 475.93),
(11, '2025-09-30', 1026.89),
(12, '2025-09-10', 1277.50),
(13, '2026-01-07', 1080.50),
(14, '2025-09-12', 1081.96),
(15, '2025-08-28', 1382.70),
(16, '2025-10-11', 1083.61),
(17, '2025-06-01', 194.36),
(18, '2025-06-19', 990.34),
(19, '2025-08-30', 117.24),
(20, '2025-12-23', 364.46),
(21, '2025-03-16', 919.55),
(22, '2025-09-03', 241.35),
(23, '2025-07-12', 359.66),
(24, '2025-07-27', 1211.41),
(25, '2025-08-12', 1329.86),
(26, '2025-02-01', 414.72),
(27, '2025-09-18', 1460.88),
(28, '2025-05-07', 1074.26),
(29, '2025-09-26', 812.94),
(30, '2025-06-09', 827.55),
(31, '2025-04-13', 456.92),
(32, '2025-12-26', 783.54),
(33, '2025-10-13', 1325.00),
(34, '2025-08-03', 1173.06),
(35, '2025-09-07', 913.24),
(36, '2025-04-06', 344.05),
(37, '2025-06-03', 867.72),
(38, '2025-03-15', 940.29),
(39, '2025-08-13', 606.06),
(40, '2025-06-26', 1102.44),
(41, '2025-03-24', 1541.78),
(42, '2025-07-14', 921.99),
(43, '2025-09-05', 191.66),
(44, '2025-09-05', 893.69),
(45, '2025-05-05', 1305.10),
(46, '2025-12-23', 1303.71),
(47, '2025-01-28', 574.54),
(48, '2025-03-19', 232.88),
(49, '2025-12-09', 303.82),
(50, '2025-07-10', 226.75),
(51, '2026-01-12', 1123.89),
(52, '2025-07-05', 863.20),
(53, '2025-12-13', 1335.82),
(54, '2025-01-19', 661.79),
(55, '2025-12-30', 101.57),
(56, '2026-01-11', 1523.70),
(57, '2025-03-09', 586.22),
(58, '2025-11-04', 1474.79),
(59, '2025-11-29', 1294.99),
(60, '2025-04-22', 381.69),
(61, '2025-03-03', 1147.22),
(62, '2026-01-10', 1411.90),
(63, '2025-07-27', 1051.12),
(64, '2025-02-22', 814.28),
(65, '2025-03-17', 1061.23),
(66, '2025-03-14', 384.84),
(67, '2025-06-24', 310.88),
(68, '2025-11-19', 493.09),
(69, '2025-01-22', 120.89),
(70, '2025-10-09', 408.99),
(71, '2025-09-05', 232.81),
(72, '2025-07-17', 292.48),
(73, '2025-10-03', 1511.89),
(74, '2025-01-19', 143.57),
(75, '2025-09-23', 670.82),
(76, '2025-12-09', 503.50),
(77, '2025-11-11', 79.11),
(78, '2025-07-04', 1021.56),
(79, '2025-06-07', 247.71),
(80, '2025-03-26', 1062.43),
(81, '2025-02-11', 1006.77),
(82, '2025-08-28', 116.77),
(83, '2025-12-31', 207.68),
(84, '2025-08-31', 944.99),
(85, '2025-03-18', 635.78),
(86, '2025-08-08', 124.83),
(87, '2025-02-17', 699.78),
(88, '2025-08-19', 1222.43),
(89, '2025-05-22', 1478.13),
(90, '2025-04-07', 132.54),
(91, '2025-02-13', 765.18),
(92, '2025-06-13', 895.61),
(93, '2026-01-09', 679.93),
(94, '2026-01-05', 1408.17),
(95, '2025-08-14', 685.90),
(96, '2025-03-19', 1408.57),
(97, '2026-01-09', 639.69),
(98, '2025-02-23', 526.97),
(99, '2025-02-26', 805.23),
(100, '2025-03-16', 1106.55);

--
-- Truncate table before insert `sale_details`
--

TRUNCATE TABLE `sale_details`;
--
-- Dumping data for table `sale_details`
--

INSERT INTO `sale_details` (`sale_detail_id`, `sale_id`, `med_id`, `quantity`, `price`) VALUES
(1, 68, 117, 15, 12.95),
(2, 89, 594, 5, 45.54),
(3, 63, 393, 15, 50.14),
(4, 71, 494, 3, 36.03),
(5, 3, 64, 7, 25.43),
(6, 32, 114, 17, 33.42),
(7, 70, 449, 18, 29.76),
(8, 19, 183, 14, 30.32),
(9, 86, 455, 9, 15.85),
(10, 15, 665, 19, 7.88),
(11, 75, 278, 12, 45.84),
(12, 61, 285, 2, 12.97),
(13, 90, 610, 7, 14.55),
(14, 27, 424, 1, 18.42),
(15, 65, 172, 5, 18.51),
(16, 5, 186, 2, 35.65),
(17, 13, 447, 12, 7.42),
(18, 82, 585, 8, 33.82),
(19, 2, 129, 16, 26.36),
(20, 4, 559, 12, 30.48),
(21, 19, 163, 11, 48.27),
(22, 9, 505, 2, 15.73),
(23, 22, 189, 12, 14.12),
(24, 43, 284, 13, 47.45),
(25, 73, 694, 8, 10.40),
(26, 70, 741, 16, 2.56),
(27, 70, 334, 3, 14.20),
(28, 89, 520, 16, 41.99),
(29, 69, 30, 3, 29.21),
(30, 33, 751, 20, 45.31),
(31, 44, 433, 11, 2.84),
(32, 45, 149, 13, 30.48),
(33, 96, 47, 9, 3.94),
(34, 86, 140, 7, 8.88),
(35, 68, 732, 16, 4.13),
(36, 86, 115, 4, 26.24),
(37, 87, 648, 14, 42.77),
(38, 6, 631, 20, 22.95),
(39, 16, 379, 1, 36.34),
(40, 33, 433, 18, 34.08),
(41, 60, 50, 11, 24.74),
(42, 69, 46, 5, 4.25),
(43, 49, 239, 3, 30.21),
(44, 52, 679, 19, 46.09),
(45, 68, 549, 12, 40.36),
(46, 8, 66, 4, 38.02),
(47, 2, 697, 11, 48.31),
(48, 3, 269, 14, 20.39),
(49, 79, 619, 15, 9.47),
(50, 60, 393, 17, 25.87),
(51, 98, 318, 4, 34.20),
(52, 69, 362, 7, 14.37),
(53, 24, 317, 8, 36.17),
(54, 26, 180, 9, 19.45),
(55, 51, 382, 20, 21.24),
(56, 100, 609, 1, 39.06),
(57, 63, 668, 11, 3.34),
(58, 54, 457, 8, 10.70),
(59, 69, 683, 9, 27.20),
(60, 21, 373, 17, 40.69),
(61, 33, 222, 10, 30.20),
(62, 36, 75, 9, 41.30),
(63, 69, 40, 5, 47.10),
(64, 88, 513, 15, 36.53),
(65, 23, 43, 13, 44.09),
(66, 41, 376, 6, 42.45),
(67, 28, 705, 17, 18.14),
(68, 16, 605, 11, 12.55),
(69, 50, 646, 16, 13.71),
(70, 91, 613, 7, 12.44),
(71, 7, 542, 8, 34.87),
(72, 22, 61, 16, 31.83),
(73, 69, 472, 2, 22.67),
(74, 91, 209, 14, 26.09),
(75, 43, 524, 4, 39.99),
(76, 31, 178, 6, 31.85),
(77, 21, 185, 12, 13.88),
(78, 41, 251, 9, 7.69),
(79, 31, 153, 2, 40.87),
(80, 67, 739, 18, 25.33),
(81, 71, 90, 10, 4.51),
(82, 81, 677, 1, 25.09),
(83, 23, 580, 3, 18.29),
(84, 27, 252, 18, 19.19),
(85, 12, 427, 10, 30.34),
(86, 49, 548, 3, 30.85),
(87, 45, 368, 2, 51.55),
(88, 70, 365, 7, 11.99),
(89, 2, 362, 7, 14.52),
(90, 25, 360, 13, 38.33),
(91, 75, 419, 11, 48.20),
(92, 8, 456, 16, 5.65),
(93, 5, 755, 17, 12.25),
(94, 52, 730, 6, 21.36),
(95, 18, 547, 2, 11.44),
(96, 74, 85, 7, 22.36),
(97, 100, 563, 15, 22.29),
(98, 86, 35, 14, 12.79),
(99, 7, 523, 5, 8.64),
(100, 95, 251, 17, 5.04),
(101, 88, 146, 7, 6.19),
(102, 43, 665, 2, 44.76),
(103, 99, 290, 19, 28.90),
(104, 89, 606, 7, 16.60),
(105, 46, 290, 11, 32.13),
(106, 37, 20, 1, 4.89),
(107, 21, 662, 15, 2.30),
(108, 87, 217, 17, 20.49),
(109, 32, 348, 7, 20.36),
(110, 80, 652, 19, 50.99),
(111, 17, 686, 1, 18.45),
(112, 63, 98, 16, 25.88),
(113, 8, 699, 8, 10.72),
(114, 72, 28, 1, 8.13),
(115, 48, 3, 12, 49.65),
(116, 99, 60, 9, 47.68),
(117, 28, 496, 9, 10.41),
(118, 57, 248, 19, 35.57),
(119, 57, 630, 9, 36.30),
(120, 13, 445, 11, 48.81),
(121, 7, 399, 9, 28.34),
(122, 38, 225, 8, 45.60),
(123, 31, 690, 13, 21.59),
(124, 10, 211, 3, 39.22),
(125, 38, 492, 3, 31.60),
(126, 65, 325, 5, 41.60),
(127, 32, 153, 2, 36.29),
(128, 26, 171, 8, 6.52),
(129, 40, 532, 7, 25.89),
(130, 45, 594, 12, 28.72),
(131, 95, 97, 16, 32.68),
(132, 68, 388, 11, 10.21),
(133, 21, 405, 1, 33.52),
(134, 2, 144, 18, 47.90),
(135, 90, 563, 1, 41.75),
(136, 97, 340, 7, 18.15),
(137, 62, 91, 15, 20.21),
(138, 59, 643, 10, 40.61),
(139, 48, 54, 19, 21.21),
(140, 17, 507, 17, 11.67),
(141, 46, 520, 2, 14.18),
(142, 5, 364, 6, 47.34),
(143, 73, 697, 9, 15.21),
(144, 12, 582, 10, 10.21),
(145, 35, 176, 3, 47.04),
(146, 15, 32, 16, 35.74),
(147, 10, 343, 20, 26.27),
(148, 53, 129, 6, 44.14),
(149, 41, 375, 6, 41.40),
(150, 18, 404, 3, 2.26),
(151, 67, 241, 12, 49.93),
(152, 5, 282, 15, 22.62),
(153, 95, 381, 14, 42.04),
(154, 3, 539, 10, 14.94),
(155, 87, 409, 3, 46.60),
(156, 16, 82, 2, 2.42),
(157, 85, 149, 9, 33.66),
(158, 84, 208, 18, 26.25),
(159, 85, 578, 6, 6.04),
(160, 59, 526, 14, 22.08),
(161, 93, 313, 6, 12.52),
(162, 19, 223, 19, 34.96),
(163, 58, 680, 15, 4.79),
(164, 4, 10, 20, 38.51),
(165, 80, 581, 9, 49.15),
(166, 38, 33, 2, 18.45),
(167, 38, 658, 5, 25.72),
(168, 74, 173, 19, 4.75),
(169, 44, 758, 14, 24.26),
(170, 17, 372, 19, 15.93),
(171, 55, 679, 17, 25.02),
(172, 82, 539, 2, 18.50),
(173, 38, 674, 7, 46.02),
(174, 48, 567, 6, 13.62),
(175, 29, 541, 15, 23.24),
(176, 99, 508, 8, 45.60),
(177, 24, 423, 2, 37.10),
(178, 29, 260, 17, 9.86),
(179, 28, 699, 16, 4.76),
(180, 99, 589, 19, 13.28),
(181, 40, 237, 8, 46.03),
(182, 32, 709, 15, 41.54),
(183, 81, 481, 16, 46.93),
(184, 22, 290, 6, 9.49),
(185, 98, 317, 4, 30.84),
(186, 39, 158, 18, 38.80),
(187, 7, 95, 9, 39.06),
(188, 44, 732, 11, 33.06),
(189, 61, 106, 18, 4.50),
(190, 58, 533, 16, 44.72),
(191, 90, 710, 20, 3.84),
(192, 29, 231, 14, 23.91),
(193, 19, 452, 9, 18.79),
(194, 41, 28, 20, 35.45),
(195, 48, 294, 10, 17.19),
(196, 5, 231, 8, 3.40),
(197, 98, 610, 2, 51.36),
(198, 71, 411, 12, 20.41),
(199, 5, 107, 12, 18.96),
(200, 5, 143, 17, 27.68),
(201, 13, 52, 20, 35.43),
(202, 42, 69, 4, 37.39),
(203, 96, 481, 7, 33.83),
(204, 27, 309, 5, 51.35),
(205, 22, 75, 18, 50.64),
(206, 31, 459, 3, 37.37),
(207, 23, 9, 8, 44.69),
(208, 14, 90, 4, 29.85),
(209, 24, 396, 18, 46.26),
(210, 76, 99, 8, 26.39),
(211, 32, 81, 12, 32.82),
(212, 33, 579, 17, 48.00),
(213, 8, 477, 19, 33.53),
(214, 45, 259, 8, 41.83),
(215, 90, 53, 14, 9.17),
(216, 71, 79, 8, 35.59),
(217, 17, 635, 14, 42.55),
(218, 7, 681, 6, 38.26),
(219, 78, 545, 5, 6.24),
(220, 69, 126, 16, 20.18),
(221, 51, 325, 13, 43.89),
(222, 32, 58, 9, 47.24),
(223, 25, 385, 16, 25.95),
(224, 100, 413, 15, 51.52),
(225, 79, 715, 8, 49.26),
(226, 67, 379, 10, 49.96),
(227, 33, 563, 15, 23.06),
(228, 93, 265, 20, 42.79),
(229, 17, 282, 8, 37.03),
(230, 42, 742, 13, 13.88),
(231, 29, 555, 16, 38.31),
(232, 29, 177, 7, 45.52),
(233, 42, 344, 1, 39.58),
(234, 70, 161, 20, 14.92),
(235, 36, 4, 20, 40.46),
(236, 98, 433, 19, 46.18),
(237, 67, 509, 8, 39.95),
(238, 74, 306, 16, 41.70),
(239, 58, 362, 14, 46.10),
(240, 43, 366, 3, 11.41),
(241, 57, 192, 12, 6.28),
(242, 73, 276, 13, 7.77),
(243, 66, 707, 14, 33.08),
(244, 7, 339, 1, 45.20),
(245, 21, 311, 9, 51.88),
(246, 66, 207, 9, 11.76),
(247, 77, 198, 20, 10.92),
(248, 92, 40, 11, 20.60),
(249, 35, 460, 20, 9.40),
(250, 77, 279, 11, 33.11),
(251, 48, 402, 5, 23.28),
(252, 53, 258, 3, 32.83),
(253, 71, 504, 5, 3.98),
(254, 59, 601, 5, 34.47),
(255, 64, 174, 5, 27.04),
(256, 80, 349, 19, 11.77),
(257, 24, 450, 5, 25.68),
(258, 62, 516, 11, 33.32),
(259, 54, 606, 8, 26.63),
(260, 34, 146, 20, 11.95),
(261, 14, 46, 19, 18.85),
(262, 98, 662, 9, 27.06),
(263, 24, 525, 15, 32.18),
(264, 82, 195, 17, 23.44),
(265, 63, 644, 8, 13.01),
(266, 5, 432, 14, 41.76),
(267, 88, 4, 8, 48.18),
(268, 46, 387, 4, 19.93),
(269, 27, 177, 8, 10.95),
(270, 78, 240, 6, 20.67),
(271, 8, 199, 2, 32.24),
(272, 80, 107, 7, 12.45),
(273, 7, 542, 8, 35.31),
(274, 25, 185, 10, 32.49),
(275, 65, 308, 2, 11.77),
(276, 74, 56, 4, 33.39),
(277, 64, 206, 10, 26.45),
(278, 7, 653, 2, 47.03),
(279, 22, 295, 6, 15.12),
(280, 46, 379, 3, 6.71),
(281, 12, 235, 4, 2.88),
(282, 53, 422, 5, 21.33),
(283, 31, 267, 17, 10.76),
(284, 35, 134, 18, 39.90),
(285, 22, 625, 9, 41.08),
(286, 57, 349, 13, 36.21),
(287, 59, 661, 12, 19.75),
(288, 100, 703, 13, 20.87),
(289, 100, 643, 5, 35.47),
(290, 63, 82, 14, 2.68),
(291, 7, 222, 6, 23.04),
(292, 33, 282, 18, 14.16),
(293, 61, 221, 13, 17.65),
(294, 66, 259, 15, 33.92),
(295, 100, 54, 8, 32.08),
(296, 92, 604, 5, 35.75),
(297, 75, 516, 4, 42.96),
(298, 59, 348, 11, 17.78),
(299, 97, 670, 11, 46.65),
(300, 95, 32, 8, 39.32),
(301, 61, 617, 5, 36.18),
(302, 75, 528, 5, 4.17),
(303, 55, 436, 5, 26.82),
(304, 76, 210, 3, 40.53),
(305, 50, 123, 7, 8.70),
(306, 70, 71, 8, 29.75),
(307, 68, 541, 11, 27.28),
(308, 95, 160, 5, 24.00),
(309, 56, 358, 14, 50.42),
(310, 82, 129, 9, 27.06),
(311, 31, 760, 2, 26.14),
(312, 13, 133, 11, 51.01),
(313, 40, 38, 2, 8.12),
(314, 45, 669, 2, 32.58),
(315, 91, 536, 16, 46.02),
(316, 1, 296, 19, 25.22),
(317, 55, 246, 20, 50.23),
(318, 87, 316, 10, 12.56),
(319, 59, 210, 13, 19.38),
(320, 84, 91, 2, 8.15),
(321, 33, 205, 8, 2.20),
(322, 94, 498, 10, 21.76),
(323, 57, 472, 9, 14.10),
(324, 95, 7, 5, 51.84),
(325, 37, 650, 4, 15.36),
(326, 84, 293, 9, 47.23),
(327, 29, 551, 16, 32.70),
(328, 80, 115, 8, 19.14),
(329, 64, 118, 18, 44.93),
(330, 70, 699, 10, 38.75),
(331, 18, 527, 19, 29.64),
(332, 99, 204, 8, 7.50),
(333, 41, 517, 4, 48.54),
(334, 8, 431, 13, 21.57),
(335, 11, 257, 8, 45.86),
(336, 26, 483, 9, 10.52),
(337, 61, 399, 17, 23.40),
(338, 74, 314, 17, 51.29),
(339, 40, 14, 19, 25.08),
(340, 60, 465, 6, 25.07),
(341, 53, 201, 15, 44.77),
(342, 9, 670, 3, 4.50),
(343, 84, 12, 12, 44.49),
(344, 52, 3, 10, 23.06),
(345, 65, 736, 19, 32.34),
(346, 33, 620, 2, 3.43),
(347, 86, 157, 10, 35.24),
(348, 96, 589, 1, 37.92),
(349, 57, 521, 15, 29.35),
(350, 58, 173, 9, 22.12),
(351, 77, 453, 14, 37.04),
(352, 42, 724, 11, 40.98),
(353, 32, 188, 6, 35.16),
(354, 48, 293, 10, 19.20),
(355, 23, 56, 15, 16.40),
(356, 34, 620, 2, 46.45),
(357, 25, 424, 2, 31.58),
(358, 80, 169, 15, 46.57),
(359, 33, 714, 15, 42.19),
(360, 85, 630, 12, 27.34),
(361, 74, 132, 13, 37.98),
(362, 66, 90, 13, 39.89),
(363, 93, 259, 19, 34.49),
(364, 45, 214, 2, 26.27),
(365, 24, 529, 16, 43.78),
(366, 83, 473, 13, 16.68),
(367, 58, 748, 4, 3.80),
(368, 59, 635, 9, 29.54),
(369, 52, 719, 4, 2.25),
(370, 53, 446, 8, 6.62),
(371, 36, 365, 7, 15.89),
(372, 36, 732, 15, 41.83),
(373, 78, 356, 1, 38.44),
(374, 57, 480, 10, 24.01),
(375, 81, 517, 1, 50.05),
(376, 81, 106, 6, 51.32),
(377, 10, 376, 5, 27.84),
(378, 99, 280, 18, 18.83),
(379, 2, 65, 8, 31.50),
(380, 85, 337, 14, 7.35),
(381, 48, 37, 17, 49.00),
(382, 26, 329, 9, 39.80),
(383, 55, 359, 15, 9.79),
(384, 64, 544, 14, 11.27),
(385, 93, 66, 13, 50.55),
(386, 92, 511, 13, 3.73),
(387, 35, 461, 1, 12.45),
(388, 3, 391, 10, 45.59),
(389, 92, 719, 20, 7.59),
(390, 60, 471, 7, 39.26),
(391, 77, 451, 14, 29.31),
(392, 74, 37, 1, 51.30),
(393, 86, 233, 20, 48.48),
(394, 75, 696, 8, 2.64),
(395, 1, 8, 1, 5.13),
(396, 26, 80, 15, 23.01),
(397, 87, 35, 13, 6.45),
(398, 51, 212, 18, 26.80),
(399, 89, 696, 19, 48.39),
(400, 84, 297, 9, 4.97),
(401, 96, 470, 5, 12.25),
(402, 40, 255, 11, 28.43),
(403, 13, 18, 15, 36.02),
(404, 16, 549, 4, 31.89),
(405, 54, 652, 14, 47.44),
(406, 46, 421, 8, 18.47),
(407, 46, 213, 1, 19.00),
(408, 60, 722, 20, 50.52),
(409, 97, 683, 13, 18.76),
(410, 86, 216, 17, 20.30),
(411, 31, 307, 3, 19.98),
(412, 46, 159, 14, 38.53),
(413, 64, 1, 2, 24.10),
(414, 95, 297, 3, 24.19),
(415, 85, 696, 1, 21.49),
(416, 87, 133, 6, 41.58),
(417, 18, 363, 18, 48.35),
(418, 3, 247, 12, 43.58),
(419, 48, 666, 20, 9.97),
(420, 93, 111, 20, 18.91),
(421, 83, 87, 2, 7.56),
(422, 29, 71, 13, 40.19),
(423, 100, 515, 9, 51.72),
(424, 76, 606, 15, 11.64),
(425, 82, 374, 1, 32.58),
(426, 1, 146, 19, 8.40),
(427, 82, 542, 3, 21.33),
(428, 62, 708, 17, 12.49),
(429, 65, 463, 2, 35.23),
(430, 3, 117, 14, 49.18),
(431, 68, 414, 14, 43.87),
(432, 11, 14, 16, 42.60),
(433, 74, 199, 2, 35.15),
(434, 5, 185, 2, 33.94),
(435, 98, 727, 18, 22.44),
(436, 48, 125, 8, 24.08),
(437, 5, 695, 9, 21.33),
(438, 66, 92, 13, 42.19),
(439, 13, 145, 12, 20.57),
(440, 10, 265, 10, 15.03),
(441, 93, 626, 8, 16.75),
(442, 42, 150, 15, 6.04),
(443, 21, 583, 5, 44.26),
(444, 54, 118, 4, 18.01),
(445, 14, 530, 2, 19.62),
(446, 50, 324, 13, 48.26),
(447, 71, 566, 13, 41.92),
(448, 18, 366, 18, 49.15),
(449, 9, 452, 15, 42.04),
(450, 86, 659, 16, 15.33),
(451, 2, 201, 6, 32.33),
(452, 20, 118, 4, 25.76),
(453, 82, 486, 16, 45.37),
(454, 7, 553, 9, 2.72),
(455, 76, 553, 8, 35.81),
(456, 27, 236, 15, 41.74),
(457, 74, 239, 8, 43.07),
(458, 5, 591, 15, 20.13),
(459, 60, 685, 15, 43.86),
(460, 7, 613, 17, 41.07),
(461, 39, 450, 16, 12.64),
(462, 68, 545, 12, 37.40),
(463, 83, 758, 11, 30.54),
(464, 32, 664, 9, 24.52),
(465, 2, 533, 10, 15.39),
(466, 92, 591, 3, 20.12),
(467, 40, 675, 6, 31.55),
(468, 21, 188, 13, 20.21),
(469, 96, 533, 13, 4.25),
(470, 34, 413, 15, 47.57),
(471, 44, 328, 18, 51.60),
(472, 39, 734, 14, 22.25),
(473, 5, 9, 19, 30.38),
(474, 8, 519, 4, 45.10),
(475, 77, 179, 18, 36.75),
(476, 84, 73, 20, 30.08),
(477, 90, 616, 8, 18.94),
(478, 64, 112, 17, 38.80),
(479, 18, 506, 17, 2.91),
(480, 69, 272, 15, 32.77),
(481, 87, 366, 17, 32.43),
(482, 62, 176, 7, 48.07),
(483, 64, 323, 5, 40.02),
(484, 19, 481, 13, 10.95),
(485, 5, 536, 8, 40.56),
(486, 73, 240, 8, 3.82),
(487, 100, 654, 7, 2.64),
(488, 11, 383, 4, 24.74),
(489, 70, 83, 10, 50.83),
(490, 51, 438, 8, 8.99),
(491, 58, 365, 14, 45.05),
(492, 33, 29, 5, 50.10),
(493, 17, 715, 5, 12.46),
(494, 43, 389, 6, 43.54),
(495, 34, 141, 19, 3.69),
(496, 42, 745, 13, 16.89),
(497, 55, 643, 12, 21.61),
(498, 21, 638, 12, 22.13),
(499, 27, 77, 15, 16.87),
(500, 33, 565, 15, 23.50),
(501, 96, 372, 12, 22.66),
(502, 34, 346, 6, 48.32),
(503, 86, 385, 20, 15.32),
(504, 47, 389, 4, 17.31),
(505, 3, 169, 1, 24.87),
(506, 22, 529, 17, 6.80),
(507, 98, 429, 19, 44.38),
(508, 52, 25, 13, 50.62),
(509, 3, 146, 18, 46.57),
(510, 78, 161, 15, 51.91),
(511, 82, 46, 18, 9.93),
(512, 19, 361, 16, 30.78),
(513, 48, 510, 19, 29.48),
(514, 2, 314, 1, 46.28),
(515, 36, 90, 11, 15.50),
(516, 78, 54, 1, 47.04),
(517, 44, 369, 3, 7.01),
(518, 17, 412, 5, 21.69),
(519, 36, 461, 20, 50.69),
(520, 100, 35, 5, 6.33),
(521, 71, 184, 3, 43.03),
(522, 78, 315, 15, 25.82),
(523, 16, 249, 4, 47.64),
(524, 3, 311, 20, 28.90),
(525, 84, 418, 5, 31.80),
(526, 24, 290, 5, 45.31),
(527, 73, 26, 20, 43.90),
(528, 23, 473, 9, 15.89),
(529, 11, 516, 2, 21.44),
(530, 69, 215, 7, 45.70),
(531, 34, 47, 6, 17.05),
(532, 62, 126, 20, 24.01),
(533, 24, 665, 14, 34.15),
(534, 26, 266, 20, 45.03),
(535, 36, 155, 19, 8.08),
(536, 77, 365, 2, 3.38),
(537, 86, 155, 9, 32.59),
(538, 73, 604, 16, 31.15),
(539, 54, 707, 1, 23.04),
(540, 98, 477, 4, 7.78),
(541, 99, 425, 17, 30.46),
(542, 30, 600, 1, 44.83),
(543, 15, 137, 9, 37.18),
(544, 18, 571, 5, 48.78),
(545, 97, 14, 4, 48.38),
(546, 5, 349, 3, 20.02),
(547, 37, 550, 11, 26.73),
(548, 88, 678, 17, 25.70),
(549, 89, 753, 7, 29.11),
(550, 81, 299, 12, 30.99),
(551, 25, 368, 14, 50.78),
(552, 83, 137, 9, 33.78),
(553, 88, 350, 14, 2.26),
(554, 100, 734, 17, 16.14),
(555, 91, 526, 15, 31.50),
(556, 76, 751, 14, 24.45),
(557, 20, 490, 13, 11.29),
(558, 6, 562, 11, 20.65),
(559, 32, 330, 5, 45.59),
(560, 66, 508, 8, 44.12),
(561, 11, 757, 14, 18.00),
(562, 62, 96, 16, 27.30),
(563, 20, 367, 17, 32.50),
(564, 62, 189, 8, 13.74),
(565, 99, 170, 4, 8.80),
(566, 20, 434, 6, 32.29),
(567, 24, 289, 4, 39.87),
(568, 25, 743, 3, 39.16),
(569, 32, 250, 15, 29.37),
(570, 62, 341, 8, 31.46),
(571, 79, 124, 10, 41.08),
(572, 55, 296, 7, 19.54),
(573, 85, 129, 7, 4.34),
(574, 31, 282, 19, 33.21),
(575, 28, 398, 16, 18.51),
(576, 32, 427, 18, 36.28),
(577, 81, 745, 10, 24.47),
(578, 82, 546, 4, 31.90),
(579, 54, 683, 18, 36.45),
(580, 82, 4, 12, 46.29),
(581, 69, 601, 18, 4.24),
(582, 58, 560, 20, 31.20),
(583, 5, 359, 5, 36.77),
(584, 82, 740, 9, 13.96),
(585, 90, 595, 5, 37.51),
(586, 92, 345, 11, 12.77),
(587, 54, 14, 10, 21.47),
(588, 49, 186, 16, 8.93),
(589, 37, 330, 2, 51.60),
(590, 79, 719, 8, 4.11),
(591, 9, 221, 4, 8.26),
(592, 3, 587, 16, 28.97),
(593, 39, 229, 8, 44.76),
(594, 23, 413, 1, 32.74),
(595, 93, 607, 5, 32.98),
(596, 50, 451, 10, 36.56),
(597, 98, 605, 2, 46.47),
(598, 29, 563, 18, 4.79),
(599, 72, 304, 18, 6.66),
(600, 90, 132, 4, 24.30),
(601, 66, 699, 13, 24.89),
(602, 36, 321, 1, 46.91),
(603, 40, 203, 4, 50.91),
(604, 43, 143, 14, 39.45),
(605, 76, 418, 10, 37.05),
(606, 10, 283, 12, 39.27),
(607, 2, 624, 2, 45.65),
(608, 17, 157, 11, 4.36),
(609, 64, 37, 7, 26.58),
(610, 48, 690, 3, 42.30),
(611, 72, 117, 13, 35.39),
(612, 47, 230, 3, 38.83),
(613, 30, 208, 10, 30.10),
(614, 39, 167, 20, 7.03),
(615, 65, 716, 16, 51.15),
(616, 64, 155, 3, 2.81),
(617, 71, 364, 6, 49.26),
(618, 90, 497, 12, 47.16),
(619, 80, 215, 1, 13.52),
(620, 11, 637, 18, 44.11),
(621, 60, 352, 11, 11.96),
(622, 45, 477, 16, 7.38),
(623, 15, 309, 12, 39.34),
(624, 96, 407, 17, 23.89),
(625, 77, 386, 5, 36.44),
(626, 72, 400, 10, 41.08),
(627, 50, 95, 3, 18.64),
(628, 25, 155, 6, 44.75),
(629, 40, 319, 19, 15.82),
(630, 67, 363, 9, 31.01),
(631, 70, 553, 12, 32.11),
(632, 34, 679, 9, 28.77),
(633, 35, 108, 14, 45.05),
(634, 34, 68, 9, 49.40),
(635, 42, 159, 17, 23.97),
(636, 76, 354, 2, 46.47),
(637, 28, 541, 15, 27.65),
(638, 38, 263, 12, 49.12),
(639, 93, 606, 5, 34.81),
(640, 66, 226, 11, 39.16),
(641, 14, 338, 17, 39.15),
(642, 28, 95, 17, 35.21),
(643, 90, 385, 17, 33.35),
(644, 65, 277, 18, 15.05),
(645, 70, 524, 8, 38.55),
(646, 58, 527, 15, 31.60),
(647, 76, 9, 16, 45.78),
(648, 4, 411, 12, 20.58),
(649, 7, 154, 17, 27.25),
(650, 6, 588, 14, 9.03),
(651, 63, 544, 14, 17.78),
(652, 51, 428, 7, 44.84),
(653, 36, 161, 20, 16.82),
(654, 53, 557, 2, 14.45),
(655, 98, 106, 16, 21.87),
(656, 70, 230, 9, 9.95),
(657, 56, 233, 18, 20.68),
(658, 30, 266, 18, 15.17),
(659, 74, 658, 3, 5.80),
(660, 98, 496, 7, 37.36),
(661, 54, 431, 5, 21.90),
(662, 34, 353, 7, 13.71),
(663, 20, 209, 16, 7.12),
(664, 16, 363, 19, 8.91),
(665, 95, 254, 17, 7.05),
(666, 5, 696, 9, 25.65),
(667, 4, 574, 14, 6.29),
(668, 42, 636, 19, 8.13),
(669, 84, 608, 10, 6.30),
(670, 94, 336, 8, 32.05),
(671, 86, 344, 15, 11.21),
(672, 80, 328, 16, 27.91),
(673, 31, 740, 19, 42.72),
(674, 24, 549, 19, 20.79),
(675, 16, 493, 16, 47.98),
(676, 29, 490, 8, 50.54),
(677, 72, 491, 2, 28.17),
(678, 35, 103, 14, 44.90),
(679, 34, 67, 9, 48.84),
(680, 37, 11, 20, 44.13),
(681, 29, 670, 12, 9.63),
(682, 9, 739, 13, 6.74),
(683, 67, 40, 6, 8.66),
(684, 90, 49, 13, 2.59),
(685, 14, 494, 17, 13.84),
(686, 68, 498, 6, 16.72),
(687, 72, 538, 8, 41.42),
(688, 80, 467, 14, 30.61),
(689, 82, 263, 6, 23.04),
(690, 23, 670, 15, 49.82),
(691, 63, 184, 7, 50.51),
(692, 84, 201, 17, 16.64),
(693, 2, 140, 18, 45.14),
(694, 67, 561, 14, 14.19),
(695, 15, 758, 11, 39.06),
(696, 7, 88, 8, 27.65),
(697, 46, 542, 5, 47.76),
(698, 95, 744, 2, 19.11),
(699, 55, 535, 18, 15.87),
(700, 76, 718, 10, 23.56),
(1024, 1, 1, 2, 50.00),
(1025, 1, 1, 2, 50.00),
(1026, 1, 1, 2, 50.00);

--
-- Truncate table before insert `suppliers`
--

TRUNCATE TABLE `suppliers`;
--
-- Dumping data for table `suppliers`
--

INSERT INTO `suppliers` (`supplier_id`, `supplier_name`, `phone`, `email`, `address`) VALUES
(1, 'Health Supplies Ltd', '0712345678', 'info@healthsupplies.co.ke', 'Nairobi, Kenya'),
(2, 'MediCare Distributors', '0723456789', 'sales@medicare.co.ke', 'Mombasa, Kenya'),
(3, 'Global Pharma', '0734567890', 'support@globalpharma.com', 'Kisumu, Kenya'),
(4, 'Sunrise Medical', '0745678901', 'contact@sunrisemedical.co.ke', 'Nakuru, Kenya'),
(5, 'Wellness Suppliers', '0756789012', 'orders@wellnesssuppliers.co.ke', 'Eldoret, Kenya'),
(6, 'Prime Pharma', '0767890123', 'prime@pharma.co.ke', 'Thika, Kenya'),
(7, 'MedLink Solutions', '0778901234', 'info@medlink.co.ke', 'Nairobi, Kenya'),
(8, 'CureFast Supplies', '0789012345', 'sales@curefast.co.ke', 'Kajiado, Kenya'),
(9, 'PharmaDirect', '0790123456', 'support@pharmadirect.co.ke', 'Kitale, Kenya'),
(10, 'BrightCare Distributors', '0701234567', 'contact@brightcare.co.ke', 'Machakos, Kenya'),
(11, 'Health Supplies Ltd', '0712345678', 'info@healthsupplies.co.ke', 'Nairobi, Kenya'),
(12, 'MediCare Distributors', '0723456789', 'sales@medicare.co.ke', 'Mombasa, Kenya'),
(13, 'Global Pharma', '0734567890', 'support@globalpharma.com', 'Kisumu, Kenya'),
(14, 'Sunrise Medical', '0745678901', 'contact@sunrisemedical.co.ke', 'Nakuru, Kenya'),
(15, 'Wellness Suppliers', '0756789012', 'orders@wellnesssuppliers.co.ke', 'Eldoret, Kenya'),
(16, 'Prime Pharma', '0767890123', 'prime@pharma.co.ke', 'Thika, Kenya'),
(17, 'MedLink Solutions', '0778901234', 'info@medlink.co.ke', 'Nairobi, Kenya'),
(18, 'CureFast Supplies', '0789012345', 'sales@curefast.co.ke', 'Kajiado, Kenya'),
(19, 'PharmaDirect', '0790123456', 'support@pharmadirect.co.ke', 'Kitale, Kenya'),
(20, 'BrightCare Distributors', '0701234567', 'contact@brightcare.co.ke', 'Machakos, Kenya');

-- --------------------------------------------------------

--
-- Structure for view `view_low_stock`
--
DROP TABLE IF EXISTS `view_low_stock`;

DROP VIEW IF EXISTS `view_low_stock`;
CREATE ALGORITHM=UNDEFINED DEFINER=`root`@`localhost` SQL SECURITY DEFINER VIEW `view_low_stock`  AS SELECT `view_medication_inventory`.`med_id` AS `med_id`, `view_medication_inventory`.`med_name` AS `med_name`, `view_medication_inventory`.`category_name` AS `category_name`, `view_medication_inventory`.`quantity` AS `quantity`, `view_medication_inventory`.`price` AS `price` FROM `view_medication_inventory` WHERE `view_medication_inventory`.`quantity` <= 10 ;

-- --------------------------------------------------------

--
-- Structure for view `view_medication_inventory`
--
DROP TABLE IF EXISTS `view_medication_inventory`;

DROP VIEW IF EXISTS `view_medication_inventory`;
CREATE ALGORITHM=UNDEFINED DEFINER=`root`@`localhost` SQL SECURITY DEFINER VIEW `view_medication_inventory`  AS SELECT `m`.`med_id` AS `med_id`, `m`.`med_name` AS `med_name`, `c`.`category_name` AS `category_name`, ifnull(sum(`pd`.`quantity`),0) - ifnull(sum(`sd`.`quantity`),0) AS `quantity`, ifnull(sum(`sd`.`price` * `sd`.`quantity`),0) AS `price` FROM (((`medications` `m` join `medication_categories` `c` on(`m`.`category_id` = `c`.`category_id`)) left join `purchase_details` `pd` on(`m`.`med_id` = `pd`.`med_id`)) left join `sale_details` `sd` on(`m`.`med_id` = `sd`.`med_id`)) GROUP BY `m`.`med_id`, `m`.`med_name`, `c`.`category_name` ;

-- --------------------------------------------------------

--
-- Structure for view `view_purchase_details`
--
DROP TABLE IF EXISTS `view_purchase_details`;

DROP VIEW IF EXISTS `view_purchase_details`;
CREATE ALGORITHM=UNDEFINED DEFINER=`root`@`localhost` SQL SECURITY DEFINER VIEW `view_purchase_details`  AS SELECT `p`.`purchase_id` AS `purchase_id`, `p`.`purchase_date` AS `purchase_date`, `pd`.`med_id` AS `med_id`, `m`.`med_name` AS `med_name`, `pd`.`quantity` AS `quantity`, `pd`.`cost` AS `cost`, `pd`.`quantity`* `pd`.`cost` AS `total_cost` FROM ((`purchases` `p` join `purchase_details` `pd` on(`p`.`purchase_id` = `pd`.`purchase_id`)) join `medications` `m` on(`pd`.`med_id` = `m`.`med_id`)) ;

-- --------------------------------------------------------

--
-- Structure for view `view_sales_details`
--
DROP TABLE IF EXISTS `view_sales_details`;

DROP VIEW IF EXISTS `view_sales_details`;
CREATE ALGORITHM=UNDEFINED DEFINER=`root`@`localhost` SQL SECURITY DEFINER VIEW `view_sales_details`  AS SELECT `s`.`sale_id` AS `sale_id`, `s`.`sale_date` AS `sale_date`, `sd`.`med_id` AS `med_id`, `m`.`med_name` AS `med_name`, `sd`.`quantity` AS `quantity`, `sd`.`price` AS `price`, `sd`.`quantity`* `sd`.`price` AS `total_price` FROM ((`sales` `s` join `sale_details` `sd` on(`s`.`sale_id` = `sd`.`sale_id`)) join `medications` `m` on(`sd`.`med_id` = `m`.`med_id`)) ;

-- --------------------------------------------------------

--
-- Structure for view `view_sales_summary`
--
DROP TABLE IF EXISTS `view_sales_summary`;

DROP VIEW IF EXISTS `view_sales_summary`;
CREATE ALGORITHM=UNDEFINED DEFINER=`root`@`localhost` SQL SECURITY DEFINER VIEW `view_sales_summary`  AS SELECT `m`.`med_name` AS `med_name`, sum(`sd`.`quantity`) AS `total_sold`, sum(`sd`.`quantity` * `sd`.`price`) AS `total_sales` FROM (`sale_details` `sd` join `medications` `m` on(`sd`.`med_id` = `m`.`med_id`)) GROUP BY `m`.`med_name` ;
COMMIT;

/*!40101 SET CHARACTER_SET_CLIENT=@OLD_CHARACTER_SET_CLIENT */;
/*!40101 SET CHARACTER_SET_RESULTS=@OLD_CHARACTER_SET_RESULTS */;
/*!40101 SET COLLATION_CONNECTION=@OLD_COLLATION_CONNECTION */;
